"","siteID","siteuse","replsite","lon_WGS84","lat_WGS84","stratum","wgt","ip","caty","Change","Acres","Shape_Leng","Shape_Area","long_name","bay_segment","geometry"
"1","Site-01","Base","None",-82.535948391359,27.9055104124963,"None",491684.932655188,2.0338227462042e-06,"None","Loss",0.087123751601,529.592925877,3795.12580045,"Old Tampa Bay","OTB",c(x = 483069.475784747, y = 1298730.60383702)
"2","Site-02","Base","None",-82.6508234300875,27.9316918387408,"None",491684.932655188,2.0338227462042e-06,"None","Loss",0.470438956288,515.485175952,20492.4029066,"Old Tampa Bay","OTB",c(x = 446017.672686842, y = 1308429.16800887)
"3","Site-03","Base","None",-82.5735181093437,27.9649550292568,"None",491684.932655188,2.0338227462042e-06,"None","Loss",1.01622565077,1716.34155625,44266.9664155,"Old Tampa Bay","OTB",c(x = 471036.575100219, y = 1320397.6089018)
"4","Site-04","Base","None",-82.608299100221,27.9806977615458,"None",491684.932655188,2.0338227462042e-06,"None","Loss",44.5204174668,7697.50086953,1939317.14211,"Old Tampa Bay","OTB",c(x = 459837.637829469, y = 1326175.47691908)
"5","Site-05","Base","None",-82.6014300797692,27.8734556022808,"None",491684.932655188,2.0338227462042e-06,"None","Loss",7.60061653342,13379.1562666,331084.180536,"Old Tampa Bay","OTB",c(x = 461862.977548647, y = 1287174.86780246)
"6","Site-06","Base","None",-82.686887491655,27.9752196591504,"None",491684.932655188,2.0338227462042e-06,"None","Loss",12.8891601847,5697.01649484,561454.063457,"Old Tampa Bay","OTB",c(x = 434461.322524473, y = 1324318.30505638)
"7","Site-07","Base","None",-82.5701696892846,27.9598607459525,"None",491684.932655188,2.0338227462042e-06,"None","Loss",5.18639192815,4396.94997141,225920.136071,"Old Tampa Bay","OTB",c(x = 472108.813775078, y = 1318540.43703911)
"8","Site-08","Base","None",-82.6101350919518,27.9789869087632,"None",491684.932655188,2.0338227462042e-06,"None","Loss",44.5204174668,7697.50086953,1939317.14211,"Old Tampa Bay","OTB",c(x = 459241.94967677, y = 1325556.41963151)
"9","Site-09","Base","None",-82.6243902535814,27.8903809860243,"None",491684.932655188,2.0338227462042e-06,"None","Loss",9.20143902965,8427.78307726,400816.287396,"Old Tampa Bay","OTB",c(x = 454476.444455174, y = 1293365.44067812)
"10","Site-10","Base","None",-82.6898402149883,27.9752048848561,"None",491684.932655188,2.0338227462042e-06,"None","Loss",12.8891601847,5697.01649484,561454.063457,"Old Tampa Bay","OTB",c(x = 433508.221480154, y = 1324318.30505638)
"11","Site-11","Base","None",-82.602386949691,27.979588630449,"None",491684.932655188,2.0338227462042e-06,"None","Loss",4.92859577466,4708.86094474,214690.490705,"Old Tampa Bay","OTB",c(x = 461743.839918107, y = 1325762.7720607)
"12","Site-12","Base","None",-82.6428506835078,27.8937016073387,"None",491684.932655188,2.0338227462042e-06,"None","Loss",3.41548517533,4335.82061807,148779.129354,"Old Tampa Bay","OTB",c(x = 448519.56292818, y = 1294603.55525325)
"13","Site-13","Base","None",-82.693204839003,27.9241065819207,"None",491684.932655188,2.0338227462042e-06,"None","Loss",0.880360413401,888.978629116,38348.6530028,"Old Tampa Bay","OTB",c(x = 432316.845174755, y = 1305746.58642942)
"14","Site-14","Base","None",-82.689789674957,27.967259165552,"None",491684.932655188,2.0338227462042e-06,"None","Loss",5.58849240949,4083.51747138,243435.7031,"Old Tampa Bay","OTB",c(x = 433508.221480154, y = 1321429.37104774)
"15","Site-15","Base","None",-82.6250107080138,27.9982175816424,"None",491684.932655188,2.0338227462042e-06,"None","Loss",27.5184616918,14109.2661676,1198708.98612,"Old Tampa Bay","OTB",c(x = 454476.444455174, y = 1332572.40222392)
"16","Site-16","Base","None",-82.6403257545729,27.903362196291,"None",491684.932655188,2.0338227462042e-06,"None","Loss",5.95069887501,5269.29175479,259213.479851,"Old Tampa Bay","OTB",c(x = 449353.526341959, y = 1298111.54654945)
"17","Site-17","Base","None",-82.6869450296326,27.9843004754934,"None",491684.932655188,2.0338227462042e-06,"None","Loss",73.2425665958,15766.9634817,3190458.96273,"Old Tampa Bay","OTB",c(x = 434461.322524473, y = 1327619.9439234)
"18","Site-18","Base","None",-82.6090245765815,27.9784242557972,"None",491684.932655188,2.0338227462042e-06,"None","Loss",44.5204174668,7697.50086953,1939317.14211,"Old Tampa Bay","OTB",c(x = 459599.36256839, y = 1325350.06720233)
"19","Site-19","Base","None",-82.6879983643002,27.9757816774598,"None",491684.932655188,2.0338227462042e-06,"None","Loss",12.8891601847,5697.01649484,561454.063457,"Old Tampa Bay","OTB",c(x = 434103.909632854, y = 1324524.65748557)
"20","Site-20","Base","None",-82.6068162864294,27.9795691627939,"None",491684.932655188,2.0338227462042e-06,"None","Loss",44.5204174668,7697.50086953,1939317.14211,"Old Tampa Bay","OTB",c(x = 460314.188351629, y = 1325762.7720607)
"21","Site-21","Base","None",-82.626975172119,27.8909368334837,"None",491684.932655188,2.0338227462042e-06,"None","Loss",9.20143902965,8427.78307726,400816.287396,"Old Tampa Bay","OTB",c(x = 453642.481041395, y = 1293571.7931073)
"22","Site-22","Base","None",-82.6902201437297,27.9769056864131,"None",491684.932655188,2.0338227462042e-06,"None","Loss",73.2425665958,15766.9634817,3190458.96273,"Old Tampa Bay","OTB",c(x = 433389.083849614, y = 1324937.36234395)
"23","Site-23","Base","None",-82.603472170821,27.9756108530879,"None",491684.932655188,2.0338227462042e-06,"None","Loss",33.0455762492,11312.227865,1439471.05929,"Old Tampa Bay","OTB",c(x = 461386.427026488, y = 1324318.30505638)
"24","Site-24","Base","None",-82.6569685405975,27.9106623593085,"None",491684.932655188,2.0338227462042e-06,"None","Loss",7.9269448509,4943.62667981,345299.098899,"Old Tampa Bay","OTB",c(x = 443992.332967664, y = 1300794.1281289)
"25","Site-25","Base","None",-82.7083710796637,27.9302727087633,"None",491684.932655188,2.0338227462042e-06,"None","Loss",22.3188653929,13813.8421855,972213.665364,"Old Tampa Bay","OTB",c(x = 427432.20232262, y = 1308016.4631505)
"26","Site-26","Base","None",-82.6774401093087,27.9991044026546,"None",491684.932655188,2.0338227462042e-06,"None","Loss",26.2660697626,8409.91535685,1144154.57547,"Old Tampa Bay","OTB",c(x = 437558.90091851, y = 1332985.1070823)
"27","Site-27","Base","None",-82.6264874016184,27.9982108613631,"None",491684.932655188,2.0338227462042e-06,"None","Loss",27.5184616918,14109.2661676,1198708.98612,"Old Tampa Bay","OTB",c(x = 453999.893933015, y = 1332572.40222392)
"28","Site-28","Base","None",-82.6299782207118,27.9000044139992,"None",491684.932655188,2.0338227462042e-06,"None","Loss",5.90156716899,4825.7500765,257073.294174,"Old Tampa Bay","OTB",c(x = 452689.379997076, y = 1296873.43197432)
"29","Site-29","Base","None",-82.5995582022515,27.8683555031744,"None",491684.932655188,2.0338227462042e-06,"None","Loss",1.009897564,1029.01820317,43991.3138529,"Old Tampa Bay","OTB",c(x = 462458.665701347, y = 1285317.69593977)
"30","Site-30","Base","None",-82.6876400701327,27.9774861763864,"None",491684.932655188,2.0338227462042e-06,"None","Loss",73.2425665958,15766.9634817,3190458.96273,"Old Tampa Bay","OTB",c(x = 434223.047263394, y = 1325143.71477314)
"31","Site-31","Base","None",-82.5606037954682,27.9655758247623,"None",491684.932655188,2.0338227462042e-06,"None","Loss",1.84715830135,1793.01253682,80462.537456,"Old Tampa Bay","OTB",c(x = 475206.392169115, y = 1320603.96133099)
"32","Site-32","Base","None",-82.6086586557038,27.9789934493214,"None",491684.932655188,2.0338227462042e-06,"None","Loss",44.5204174668,7697.50086953,1939317.14211,"Old Tampa Bay","OTB",c(x = 459718.500198929, y = 1325556.41963151)
"33","Site-33","Base","None",-82.6145831710674,27.91710130721,"None",491684.932655188,2.0338227462042e-06,"None","Loss",23.9125600138,17040.8616583,1041635.28074,"Old Tampa Bay","OTB",c(x = 457693.160479751, y = 1303064.00484997)
"34","Site-34","Base","None",-82.6884070973004,27.9820228912079,"None",491684.932655188,2.0338227462042e-06,"None","Loss",73.2425665958,15766.9634817,3190458.96273,"Old Tampa Bay","OTB",c(x = 433984.772002314, y = 1326794.53420664)
"35","Site-35","Base","None",-82.5712798171886,27.9604237199765,"None",491684.932655188,2.0338227462042e-06,"None","Loss",5.18639192815,4396.94997141,225920.136071,"Old Tampa Bay","OTB",c(x = 471751.400883458, y = 1318746.7894683)
"36","Site-36","Base","None",-82.6104946133397,27.9772825918633,"None",491684.932655188,2.0338227462042e-06,"None","Loss",44.5204174668,7697.50086953,1939317.14211,"Old Tampa Bay","OTB",c(x = 459122.81204623, y = 1324937.36234395)
"37","Site-37","Base","None",-82.688378266489,27.9774824844415,"None",491684.932655188,2.0338227462042e-06,"None","Loss",73.2425665958,15766.9634817,3190458.96273,"Old Tampa Bay","OTB",c(x = 433984.772002314, y = 1325143.71477314)
"38","Site-38","Base","None",-82.6377604455402,27.9062119835038,"None",491684.932655188,2.0338227462042e-06,"None","Loss",7.82325210059,6367.68554472,340782.224631,"Old Tampa Bay","OTB",c(x = 450187.489755738, y = 1299143.30869539)
"39","Site-39","Base","None",-82.6774259125201,27.9968342000897,"None",491684.932655188,2.0338227462042e-06,"None","Loss",7.08445172067,3826.34428835,308599.951352,"Old Tampa Bay","OTB",c(x = 437558.90091851, y = 1332159.69736554)
"40","Site-40","Base","None",-82.629240542115,27.9000077840107,"None",491684.932655188,2.0338227462042e-06,"None","Loss",5.90156716899,4825.7500765,257073.294174,"Old Tampa Bay","OTB",c(x = 452927.655258156, y = 1296873.43197432)
"41","Site-41","Base","None",-82.5459805270423,27.8464420930434,"None",491684.932655188,2.0338227462042e-06,"None","Loss",0.0702160770967,257.861694029,3058.62455261,"Old Tampa Bay","OTB",c(x = 479733.62212963, y = 1277269.95120142)
"42","Site-42","Base","None",-82.5541992303742,27.9400607032194,"None",491684.932655188,2.0338227462042e-06,"None","Loss",8.09759871442,6340.26595024,352732.810929,"Old Tampa Bay","OTB",c(x = 477231.731888293, y = 1311318.10201751)
"43","Site-43","Base","None",-82.6245140698787,27.9119484413171,"None",491684.932655188,2.0338227462042e-06,"None","Loss",23.9125600138,17040.8616583,1041635.28074,"Old Tampa Bay","OTB",c(x = 454476.444455174, y = 1301206.83298728)
"44","Site-44","Base","None",-82.5578832004171,27.9389106657749,"None",491684.932655188,2.0338227462042e-06,"None","Loss",8.09759871442,6340.26595024,352732.810929,"Old Tampa Bay","OTB",c(x = 476040.355582894, y = 1310905.39715913)
"45","Site-45","Base","None",-82.6645782500865,28.0088158351436,"None",491684.932655188,2.0338227462042e-06,"None","Loss",0.579919104751,813.182691097,25261.3772486,"Old Tampa Bay","OTB",c(x = 441728.717987406, y = 1336493.0983785)
"46","Site-46","Base","None",-82.5983235881806,27.9790387895854,"None",491684.932655188,2.0338227462042e-06,"None","Loss",4.92859577466,4708.86094474,214690.490705,"Old Tampa Bay","OTB",c(x = 463054.353854046, y = 1325556.41963151)
"47","Site-47","Base","None",-82.7131784231299,27.9319506111347,"None",491684.932655188,2.0338227462042e-06,"None","Loss",22.3188653929,13813.8421855,972213.665364,"Old Tampa Bay","OTB",c(x = 425883.413125601, y = 1308635.52043806)
"48","Site-48","Base","None",-82.6825727631864,27.9934033391578,"None",491684.932655188,2.0338227462042e-06,"None","Loss",26.2660697626,8409.91535685,1144154.57547,"Old Tampa Bay","OTB",c(x = 435890.974090952, y = 1330921.58279041)
"49","Site-49","Base","None",-82.620169215413,27.9908610672135,"None",491684.932655188,2.0338227462042e-06,"None","Loss",9.82273332409,4366.98212074,427879.975115,"Old Tampa Bay","OTB",c(x = 456025.233652193, y = 1329889.82064447)
"50","Site-50","Base","None",-82.685038587393,27.9162014032487,"None",491684.932655188,2.0338227462042e-06,"None","Loss",5.36467784035,5098.86326769,233686.301467,"Old Tampa Bay","OTB",c(x = 434937.873046633, y = 1302857.65242078)
