SamplingMonth,Project,Station,Zone,Subzone,Gear,Stratum,Grid,Latitude,Longitude
1,AM,TB2401001,A,.,20,Shoreline,9,28.00516667,-82.6705
1,AM,TB2401002,A,.,20,Shoreline,26,27.975,-82.6195
1,AM,TB2401003,A,.,20,Shoreline,96,27.89283333,-82.63366667
1,AM,TB2401004,A,.,20,Unvegetated,82,27.90033333,-82.64266667
1,AM,TB2401005,A,.,20,Unvegetated,99,27.8925,-82.59316667
1,AM,TB2401006,A,.,20,Vegetated,9,28.00516667,-82.67083333
1,AM,TB2401007,A,.,20,Vegetated,29,27.98083333,-82.56683333
1,AM,TB2401008,A,.,160,Unvegetated,61,27.91783333,-82.71
1,AM,TB2401009,A,.,160,Vegetated,32,27.95416667,-82.71033333
1,AM,TB2401010,A,.,160,Vegetated,80,27.90916667,-82.67183333
1,AM,TB2401011,A,.,160,Vegetated,97,27.8865,-82.62783333
1,AS,TB2401012,A,.,300,Unstratified,25,27.98116667,-82.6475
1,AS,TB2401013,A,.,300,Unstratified,34,27.962,-82.668
1,AS,TB2401014,A,.,300,Unstratified,62,27.9255,-82.69316667
1,AM,TB2401015,B,.,20,Shoreline,154,27.8325,-82.62883333
1,AM,TB2401016,B,.,20,Shoreline,192,27.79,-82.60916667
1,AM,TB2401017,B,.,20,Unvegetated,139,27.8365,-82.59983333
1,AM,TB2401018,B,.,20,Unvegetated,278,27.71183333,-82.63616667
1,AM,TB2401019,B,.,20,Vegetated,116,27.8705,-82.52233333
1,AM,TB2401020,B,.,20,Vegetated,191,27.7985,-82.6215
1,AM,TB2401021,B,.,160,Unvegetated,175,27.80416667,-82.5995
1,AM,TB2401022,B,.,160,Vegetated,124,27.86316667,-82.63033333
1,AM,TB2401023,B,.,160,Vegetated,126,27.86033333,-82.59
1,AM,TB2401024,B,.,160,Vegetated,142,27.848,-82.54466667
1,AS,TB2401025,B,.,300,Unstratified,244,27.74666667,-82.6285
1,AS,TB2401026,B,.,300,Unstratified,246,27.749,-82.58616667
1,AS,TB2401027,B,.,300,Unstratified,280,27.703,-82.60933333
1,AM,TB2401028,C,.,20,Shoreline,60,27.94866667,-82.39666667
1,AM,TB2401029,C,.,20,Shoreline,186,27.80833333,-82.40766667
1,AM,TB2401030,C,.,20,Shoreline,287,27.7005,-82.48816667
1,AM,TB2401031,C,.,20,Shoreline,472,27.95,-82.4165
1,AM,TB2401032,C,.,20,Unvegetated,78,27.9245,-82.40583333
1,AM,TB2401033,C,.,20,Unvegetated,93,27.90483333,-82.444
1,AM,TB2401034,C,.,20,Unvegetated,146,27.838,-82.436
1,AM,TB2401035,C,.,20,Vegetated,181,27.81216667,-82.49883333
1,AM,TB2401036,C,.,20,Vegetated,233,27.75633333,-82.4855
1,AM,TB2401037,C,.,160,Unvegetated,93,27.9045,-82.44633333
1,AM,TB2401038,C,.,160,Vegetated,59,27.93766667,-82.41333333
1,AM,TB2401039,C,.,160,Vegetated,204,27.78683333,-82.4015
1,AM,TB2401040,C,.,160,Vegetated,253,27.73633333,-82.4815
1,AS,TB2401041,C,.,300,Unstratified,75,27.918,-82.463
1,AS,TB2401042,C,.,300,Unstratified,166,27.83183333,-82.42333333
1,AS,TB2401043,C,.,300,Unstratified,216,27.77566667,-82.48716667
1,AS,TB2401044,C,.,300,Unstratified,268,27.7255,-82.4915
1,AM,TB2401045,D,.,20,Shoreline,257,27.71833333,-82.71383333
1,AM,TB2401046,D,.,20,Shoreline,328,27.65216667,-82.71133333
1,AM,TB2401047,D,.,20,Unvegetated,239,27.74683333,-82.74916667
1,AM,TB2401048,D,.,20,Vegetated,274,27.70683333,-82.71483333
1,AM,TB2401049,D,.,20,Vegetated,311,27.67466667,-82.69216667
1,AM,TB2401050,D,.,160,Unvegetated,308,27.67516667,-82.737
1,AM,TB2401051,D,.,160,Vegetated,327,27.65916667,-82.72233333
1,AM,TB2401052,D,.,160,Vegetated,342,27.6335,-82.69016667
1,AS,TB2401053,D,.,300,Unstratified,326,27.6575,-82.73466667
1,AS,TB2401054,D,.,300,Unstratified,328,27.6605,-82.71083333
1,AM,TB2401055,E,.,20,Shoreline,382,27.5845,-82.614
1,AM,TB2401056,E,.,20,Shoreline,396,27.58216667,-82.55866667
1,AM,TB2401057,E,.,20,Shoreline,441,27.51233333,-82.67066667
1,AM,TB2401058,E,.,20,Unvegetated,423,27.52933333,-82.64033333
1,AM,TB2401059,E,.,20,Unvegetated,473,27.484,-82.5755
1,AM,TB2401060,E,.,20,Vegetated,384,27.598,-82.57333333
1,AM,TB2401061,E,.,20,Vegetated,473,27.48466667,-82.57566667
1,AM,TB2401062,E,.,160,Unvegetated,415,27.54533333,-82.61366667
1,AM,TB2401063,E,.,160,Vegetated,304,27.69483333,-82.5245
1,AM,TB2401064,E,.,160,Vegetated,384,27.59933333,-82.57616667
1,AM,TB2401065,E,.,160,Vegetated,394,27.57983333,-82.59816667
1,AM,TB2401066,E,.,160,Vegetated,395,27.56683333,-82.5695
1,AS,TB2401067,E,.,300,Unstratified,403,27.56433333,-82.6485
1,AS,TB2401068,E,.,300,Unstratified,404,27.56116667,-82.623
1,AS,TB2401069,E,.,300,Unstratified,410,27.53733333,-82.692
1,AS,TB2401070,K,L,23,BackWater,461,27.8565,-82.37666667
1,AS,TB2401071,K,L,23,Unvegetated,136,27.85333333,-82.39216667
1,AS,TB2401072,K,L,23,Unvegetated,136,27.86083333,-82.38433333
1,AS,TB2401073,K,L,23,Vegetated,136,27.8575,-82.39016667
1,AS,TB2401074,K,L,23,Vegetated,461,27.863,-82.37666667
1,AS,TB2401075,K,L,300,Unstratified,461,27.85666667,-82.37783333
1,AS,TB2401076,K,M,23,BackWater,469,27.8595,-82.363
1,AS,TB2401077,K,M,23,Unvegetated,469,27.85516667,-82.36366667
1,AS,TB2401078,K,M,23,Unvegetated,470,27.85683333,-82.34383333
1,AS,TB2401079,K,M,23,Vegetated,469,27.856,-82.3605
1,AS,TB2401080,K,M,23,Vegetated,469,27.8585,-82.36333333
1,AS,TB2401081,K,M,300,Unstratified,470,27.859,-82.34433333
1,AS,TB2401082,K,U,23,Unvegetated,486,27.86733333,-82.31716667
1,AS,TB2401083,K,U,23,Vegetated,486,27.86983333,-82.32066667
1,AS,TB2401084,K,U,23,Vegetated,487,27.87566667,-82.31083333
1,AS,TB2401085,L,L,23,Unvegetated,269,27.71666667,-82.47783333
1,AS,TB2401086,L,L,23,Unvegetated,271,27.71883333,-82.43916667
1,AS,TB2401087,L,L,23,Vegetated,271,27.71683333,-82.43733333
1,AS,TB2401088,L,L,23,Vegetated,271,27.7175,-82.4495
1,AS,TB2401089,L,L,23,Vegetated,289,27.70783333,-82.46133333
1,AS,TB2401090,L,L,300,Unstratified,269,27.71683333,-82.47683333
1,AS,TB2401091,L,L,300,Unstratified,288,27.7115,-82.4755
1,AS,TB2401092,L,L,300,Unstratified,290,27.70083333,-82.44933333
1,AS,TB2401093,L,U,23,Unvegetated,324,27.67566667,-82.43333333
1,AS,TB2401094,L,U,23,Unvegetated,462,27.68333333,-82.43216667
1,AS,TB2401095,L,U,23,Vegetated,325,27.673,-82.42016667
1,AS,TB2401096,L,U,23,Vegetated,465,27.6665,-82.43683333
1,AS,TB2401097,L,U,300,Unstratified,307,27.68866667,-82.443
1,AS,TB2401098,L,U,300,Unstratified,307,27.69116667,-82.44633333
1,AS,TB2401099,L,U,300,Unstratified,465,27.666,-82.43766667
1,AS,TB2401100,M,L,23,BackWater,430,27.51783333,-82.52083333
1,AS,TB2401101,M,L,23,BackWater,476,27.49816667,-82.5285
1,AS,TB2401102,M,L,23,Unvegetated,449,27.50283333,-82.536
1,AS,TB2401103,M,L,23,Vegetated,430,27.51983333,-82.53316667
1,AS,TB2401104,M,L,23,Vegetated,476,27.49883333,-82.52416667
1,AS,TB2401105,M,L,300,Unstratified,450,27.50566667,-82.52733333
1,AS,TB2401106,M,L,300,Unstratified,450,27.50983333,-82.5315
1,AS,TB2401107,M,U,23,Unvegetated,432,27.53283333,-82.49133333
1,AS,TB2401108,M,U,23,Vegetated,432,27.53233333,-82.48666667
1,AS,TB2401109,M,U,23,Vegetated,435,27.52283333,-82.4385
1,AS,TB2401110,M,U,300,Unstratified,432,27.51816667,-82.48566667
1,AS,TB2401111,M,U,300,Unstratified,433,27.52533333,-82.47833333
1,AS,TB2401112,N,L,23,Unvegetated,476,27.49366667,-82.5235
1,AS,TB2401113,N,L,23,Vegetated,476,27.49616667,-82.51716667
1,AS,TB2401114,N,L,23,Vegetated,480,27.47983333,-82.503
1,AS,TB2401115,N,L,300,Unstratified,477,27.487,-82.50683333
1,AS,TB2401116,N,U,23,Unvegetated,482,27.46133333,-82.49133333
1,AS,TB2401117,N,U,23,Vegetated,481,27.48066667,-82.49866667
1,AS,TB2401118,N,U,23,Vegetated,482,27.46216667,-82.4905
1,AS,TB2401119,N,U,300,Unstratified,481,27.4695,-82.49633333
2,AM,TB2402001,A,.,20,Shoreline,11,28.00216667,-82.64783333
2,AM,TB2402002,A,.,20,Shoreline,12,28.003,-82.631
2,AM,TB2402003,A,.,20,Shoreline,35,27.9605,-82.65233333
2,AM,TB2402004,A,.,20,Unvegetated,89,27.90566667,-82.53316667
2,AM,TB2402005,A,.,20,Unvegetated,103,27.89316667,-82.522
2,AM,TB2402006,A,.,20,Vegetated,11,28.00216667,-82.64666667
2,AM,TB2402007,A,.,20,Vegetated,15,27.999,-82.67433333
2,AM,TB2402008,A,.,160,Unvegetated,83,27.9035,-82.63316667
2,AM,TB2402009,A,.,160,Vegetated,14,27.99766667,-82.68733333
2,AM,TB2402010,A,.,160,Vegetated,32,27.96266667,-82.70533333
2,AM,TB2402011,A,.,160,Vegetated,80,27.91416667,-82.67033333
2,AM,TB2402012,B,.,20,Shoreline,128,27.85833333,-82.562
2,AM,TB2402013,B,.,20,Shoreline,155,27.83316667,-82.60816667
2,AM,TB2402014,B,.,20,Unvegetated,129,27.86116667,-82.53733333
2,AM,TB2402015,B,.,20,Unvegetated,138,27.84916667,-82.60716667
2,AM,TB2402016,B,.,20,Vegetated,125,27.85316667,-82.61066667
2,AM,TB2402017,B,.,20,Vegetated,174,27.80983333,-82.611
2,AM,TB2402018,B,.,160,Unvegetated,174,27.8015,-82.60616667
2,AM,TB2402019,B,.,160,Vegetated,116,27.87033333,-82.528
2,AM,TB2402020,B,.,160,Vegetated,128,27.85933333,-82.56583333
2,AM,TB2402021,B,.,160,Vegetated,141,27.842,-82.56516667
2,AM,TB2402022,C,.,20,Shoreline,58,27.939,-82.41916667
2,AM,TB2402023,C,.,20,Shoreline,107,27.8835,-82.44883333
2,AM,TB2402024,C,.,20,Shoreline,118,27.8705,-82.47616667
2,AM,TB2402025,C,.,20,Shoreline,186,27.81233333,-82.4095
2,AM,TB2402026,C,.,20,Unvegetated,109,27.89183333,-82.40233333
2,AM,TB2402027,C,.,20,Unvegetated,134,27.86383333,-82.43133333
2,AM,TB2402028,C,.,20,Unvegetated,288,27.70183333,-82.48
2,AM,TB2402029,C,.,20,Vegetated,118,27.871,-82.476
2,AM,TB2402030,C,.,20,Vegetated,203,27.791,-82.42683333
2,AM,TB2402031,C,.,160,Unvegetated,122,27.87483333,-82.41233333
2,AM,TB2402032,C,.,160,Vegetated,57,27.93716667,-82.44366667
2,AM,TB2402033,C,.,160,Vegetated,136,27.85983333,-82.39216667
2,AM,TB2402034,C,.,160,Vegetated,235,27.75383333,-82.46383333
2,AM,TB2402035,D,.,20,Shoreline,276,27.70233333,-82.67533333
2,AM,TB2402036,D,.,20,Shoreline,352,27.631,-82.72066667
2,AM,TB2402037,D,.,20,Unvegetated,277,27.71583333,-82.65233333
2,AM,TB2402038,D,.,20,Vegetated,293,27.6905,-82.716
2,AM,TB2402039,D,.,20,Vegetated,310,27.67266667,-82.7
2,AM,TB2402040,D,.,160,Unvegetated,275,27.71516667,-82.68566667
2,AM,TB2402041,D,.,160,Vegetated,272,27.71583333,-82.744
2,AM,TB2402042,D,.,160,Vegetated,293,27.69183333,-82.712
2,AM,TB2402043,E,.,20,Shoreline,373,27.61316667,-82.56383333
2,AM,TB2402044,E,.,20,Shoreline,416,27.5395,-82.58766667
2,AM,TB2402045,E,.,20,Shoreline,423,27.53283333,-82.637
2,AM,TB2402046,E,.,20,Unvegetated,349,27.641,-82.57216667
2,AM,TB2402047,E,.,20,Unvegetated,404,27.55416667,-82.63316667
2,AM,TB2402048,E,.,20,Vegetated,420,27.519,-82.693
2,AM,TB2402049,E,.,20,Vegetated,424,27.52466667,-82.62633333
2,AM,TB2402050,E,.,160,Unvegetated,393,27.576,-82.6015
2,AM,TB2402051,E,.,160,Vegetated,349,27.64566667,-82.57833333
2,AM,TB2402052,E,.,160,Vegetated,373,27.616,-82.55433333
2,AM,TB2402053,E,.,160,Vegetated,384,27.58633333,-82.5675
2,AM,TB2402054,E,.,160,Vegetated,413,27.535,-82.64616667
2,AS,TB2402055,K,L,23,BackWater,461,27.861,-82.37233333
2,AS,TB2402056,K,L,23,Unvegetated,136,27.86233333,-82.38333333
2,AS,TB2402057,K,L,23,Unvegetated,461,27.85933333,-82.37266667
2,AS,TB2402058,K,L,23,Vegetated,136,27.85783333,-82.38616667
2,AS,TB2402059,K,L,23,Vegetated,461,27.8555,-82.3725
2,AS,TB2402060,K,M,23,BackWater,469,27.86016667,-82.35583333
2,AS,TB2402061,K,M,23,Unvegetated,470,27.86183333,-82.33633333
2,AS,TB2402062,K,M,23,Unvegetated,470,27.86416667,-82.34166667
2,AS,TB2402063,K,M,23,Vegetated,469,27.8585,-82.35116667
2,AS,TB2402064,K,M,23,Vegetated,470,27.86216667,-82.33383333
2,AS,TB2402065,K,U,23,Unvegetated,486,27.86783333,-82.32683333
2,AS,TB2402066,K,U,23,Vegetated,486,27.86683333,-82.33016667
2,AS,TB2402067,K,U,23,Vegetated,487,27.88133333,-82.3115
2,AS,TB2402068,L,L,23,Unvegetated,269,27.71966667,-82.47416667
2,AS,TB2402069,L,L,23,Unvegetated,271,27.71933333,-82.436
2,AS,TB2402070,L,L,23,Vegetated,270,27.71666667,-82.45366667
2,AS,TB2402071,L,L,23,Vegetated,289,27.70716667,-82.46083333
2,AS,TB2402072,L,L,23,Vegetated,290,27.7065,-82.44866667
2,AS,TB2402073,L,U,23,Unvegetated,324,27.66866667,-82.4355
2,AS,TB2402074,L,U,23,Unvegetated,324,27.6695,-82.43683333
2,AS,TB2402075,L,U,23,Vegetated,307,27.688,-82.4415
2,AS,TB2402076,L,U,23,Vegetated,325,27.67216667,-82.4185
2,AS,TB2402077,M,L,23,BackWater,430,27.51716667,-82.52166667
2,AS,TB2402078,M,L,23,BackWater,451,27.5115,-82.50666667
2,AS,TB2402079,M,L,23,Unvegetated,475,27.49966667,-82.54866667
2,AS,TB2402080,M,L,23,Vegetated,430,27.518,-82.53016667
2,AS,TB2402081,M,L,23,Vegetated,476,27.49983333,-82.52516667
2,AS,TB2402082,M,U,23,Unvegetated,434,27.53083333,-82.46383333
2,AS,TB2402083,M,U,23,Vegetated,434,27.527,-82.465
2,AS,TB2402084,M,U,23,Vegetated,453,27.516,-82.47216667
2,AS,TB2402085,N,L,23,Unvegetated,477,27.485,-82.50166667
2,AS,TB2402086,N,L,23,Vegetated,477,27.49316667,-82.51133333
2,AS,TB2402087,N,L,23,Vegetated,480,27.482,-82.50233333
2,AS,TB2402088,N,U,23,Unvegetated,482,27.45933333,-82.49466667
2,AS,TB2402089,N,U,23,Vegetated,483,27.44566667,-82.48533333
2,AS,TB2402090,N,U,23,Vegetated,483,27.448,-82.49066667
3,AM,TB2403001,A,.,20,Shoreline,34,27.9605,-82.67666667
3,AM,TB2403002,A,.,20,Shoreline,67,27.92983333,-82.6065
3,AM,TB2403003,A,.,20,Shoreline,71,27.91783333,-82.54666667
3,AM,TB2403004,A,.,20,Unvegetated,79,27.9075,-82.68433333
3,AM,TB2403005,A,.,20,Unvegetated,102,27.895,-82.54966667
3,AM,TB2403006,A,.,20,Vegetated,12,28.00266667,-82.62566667
3,AM,TB2403007,A,.,20,Vegetated,81,27.9125,-82.65083333
3,AM,TB2403008,A,.,160,Unvegetated,31,27.96433333,-82.7295
3,AM,TB2403009,A,.,160,Vegetated,10,28.00833333,-82.6665
3,AM,TB2403010,A,.,160,Vegetated,29,27.96983333,-82.57883333
3,AM,TB2403011,A,.,160,Vegetated,83,27.91383333,-82.6315
3,AM,TB2403012,B,.,20,Shoreline,110,27.88016667,-82.61783333
3,AM,TB2403013,B,.,20,Shoreline,174,27.80366667,-82.60566667
3,AM,TB2403014,B,.,20,Unvegetated,158,27.833,-82.5665
3,AM,TB2403015,B,.,20,Unvegetated,191,27.78566667,-82.62633333
3,AM,TB2403016,B,.,20,Vegetated,115,27.88083333,-82.54683333
3,AM,TB2403017,B,.,20,Vegetated,259,27.717,-82.6425
3,AM,TB2403018,B,.,160,Unvegetated,138,27.84,-82.61366667
3,AM,TB2403019,B,.,160,Vegetated,110,27.87316667,-82.63216667
3,AM,TB2403020,B,.,160,Vegetated,112,27.8675,-82.59033333
3,AM,TB2403021,B,.,160,Vegetated,129,27.86316667,-82.53783333
3,AM,TB2403022,C,.,20,Shoreline,60,27.94866667,-82.39566667
3,AM,TB2403023,C,.,20,Shoreline,147,27.84466667,-82.42733333
3,AM,TB2403024,C,.,20,Shoreline,163,27.81966667,-82.483
3,AM,TB2403025,C,.,20,Shoreline,289,27.70933333,-82.45733333
3,AM,TB2403026,C,.,20,Unvegetated,108,27.8875,-82.42333333
3,AM,TB2403027,C,.,20,Unvegetated,186,27.802,-82.41566667
3,AM,TB2403028,C,.,20,Unvegetated,288,27.71633333,-82.47866667
3,AM,TB2403029,C,.,20,Vegetated,162,27.81966667,-82.49866667
3,AM,TB2403030,C,.,20,Vegetated,287,27.70216667,-82.486
3,AM,TB2403031,C,.,160,Unvegetated,165,27.82433333,-82.43516667
3,AM,TB2403032,C,.,160,Vegetated,109,27.89283333,-82.40283333
3,AM,TB2403033,C,.,160,Vegetated,163,27.831,-82.46916667
3,AM,TB2403034,C,.,160,Vegetated,269,27.723,-82.47483333
3,AM,TB2403035,D,.,20,Shoreline,277,27.704,-82.66183333
3,AM,TB2403036,D,.,20,Shoreline,342,27.6475,-82.6985
3,AM,TB2403037,D,.,20,Unvegetated,313,27.6745,-82.65833333
3,AM,TB2403038,D,.,20,Vegetated,273,27.71,-82.73033333
3,AM,TB2403039,D,.,20,Vegetated,293,27.6865,-82.71116667
3,AM,TB2403040,D,.,160,Unvegetated,312,27.67216667,-82.67466667
3,AM,TB2403041,D,.,160,Vegetated,308,27.67133333,-82.74533333
3,AM,TB2403042,D,.,160,Vegetated,309,27.66716667,-82.73116667
3,AM,TB2403043,E,.,20,Shoreline,385,27.584,-82.557
3,AM,TB2403044,E,.,20,Shoreline,439,27.50283333,-82.70933333
3,AM,TB2403045,E,.,20,Shoreline,440,27.50416667,-82.696
3,AM,TB2403046,E,.,20,Unvegetated,413,27.5405,-82.64483333
3,AM,TB2403047,E,.,20,Unvegetated,426,27.52866667,-82.59533333
3,AM,TB2403048,E,.,20,Vegetated,413,27.54083333,-82.64433333
3,AM,TB2403049,E,.,20,Vegetated,473,27.48683333,-82.57583333
3,AM,TB2403050,E,.,160,Unvegetated,424,27.52633333,-82.63266667
3,AM,TB2403051,E,.,160,Vegetated,382,27.5985,-82.60333333
3,AM,TB2403052,E,.,160,Vegetated,384,27.58416667,-82.57566667
3,AM,TB2403053,E,.,160,Vegetated,396,27.57766667,-82.55116667
3,AM,TB2403054,E,.,160,Vegetated,416,27.539,-82.59183333
3,AS,TB2403055,K,L,300,Unstratified,461,27.85966667,-82.37433333
3,AS,TB2403056,K,M,300,Unstratified,470,27.86283333,-82.34066667
3,AS,TB2403057,L,L,300,Unstratified,269,27.71733333,-82.47833333
3,AS,TB2403058,L,L,300,Unstratified,289,27.70116667,-82.45233333
3,AS,TB2403059,L,L,300,Unstratified,289,27.70866667,-82.45
3,AS,TB2403060,L,U,300,Unstratified,307,27.68783333,-82.44666667
3,AS,TB2403061,L,U,300,Unstratified,324,27.68033333,-82.44316667
3,AS,TB2403062,L,U,300,Unstratified,325,27.669,-82.417
3,AS,TB2403063,M,L,300,Unstratified,431,27.523,-82.50266667
3,AS,TB2403064,M,L,300,Unstratified,450,27.50833333,-82.51883333
3,AS,TB2403065,M,U,300,Unstratified,432,27.5185,-82.48516667
3,AS,TB2403066,M,U,300,Unstratified,432,27.52433333,-82.4975
3,AS,TB2403067,N,L,300,Unstratified,476,27.49516667,-82.5235
3,AS,TB2403068,N,U,300,Unstratified,481,27.47783333,-82.49316667
4,AM,TB2404001,A,.,20,Shoreline,31,27.96516667,-82.7185
4,AM,TB2404002,A,.,20,Shoreline,43,27.94983333,-82.72666667
4,AM,TB2404003,A,.,20,Shoreline,83,27.91183333,-82.618
4,AM,TB2404004,A,.,20,Unvegetated,41,27.96316667,-82.55383333
4,AM,TB2404005,A,.,20,Unvegetated,42,27.953,-82.54683333
4,AM,TB2404006,A,.,20,Vegetated,18,27.99516667,-82.63016667
4,AM,TB2404007,A,.,20,Vegetated,53,27.94633333,-82.55933333
4,AM,TB2404008,A,.,160,Unvegetated,61,27.92466667,-82.7015
4,AM,TB2404009,A,.,160,Vegetated,6,28.02016667,-82.65716667
4,AM,TB2404010,A,.,160,Vegetated,61,27.9245,-82.701
4,AM,TB2404011,A,.,160,Vegetated,97,27.8865,-82.62266667
4,AS,TB2404012,A,.,300,Unstratified,23,27.9735,-82.678
4,AS,TB2404013,A,.,300,Unstratified,29,27.97683333,-82.57633333
4,AS,TB2404014,A,.,300,Unstratified,46,27.9385,-82.68083333
4,AM,TB2404015,B,.,20,Shoreline,138,27.84216667,-82.60783333
4,AM,TB2404016,B,.,20,Shoreline,278,27.70833333,-82.64533333
4,AM,TB2404017,B,.,20,Unvegetated,128,27.86,-82.555
4,AM,TB2404018,B,.,20,Unvegetated,155,27.828,-82.61633333
4,AM,TB2404019,B,.,20,Vegetated,124,27.85266667,-82.6205
4,AM,TB2404020,B,.,20,Vegetated,279,27.7035,-82.62916667
4,AM,TB2404021,B,.,160,Unvegetated,279,27.713,-82.62533333
4,AM,TB2404022,B,.,160,Vegetated,116,27.87616667,-82.51883333
4,AM,TB2404023,B,.,160,Vegetated,125,27.85133333,-82.61333333
4,AM,TB2404024,B,.,160,Vegetated,143,27.847,-82.52033333
4,AS,TB2404025,B,.,300,Unstratified,158,27.827,-82.55016667
4,AS,TB2404026,B,.,300,Unstratified,227,27.7565,-82.585
4,AS,TB2404027,B,.,300,Unstratified,230,27.75216667,-82.54166667
4,AM,TB2404028,C,.,20,Shoreline,78,27.93283333,-82.40416667
4,AM,TB2404029,C,.,20,Shoreline,204,27.7935,-82.40366667
4,AM,TB2404030,C,.,20,Shoreline,235,27.76116667,-82.46483333
4,AM,TB2404031,C,.,20,Shoreline,269,27.727,-82.47183333
4,AM,TB2404032,C,.,20,Unvegetated,93,27.909,-82.43716667
4,AM,TB2404033,C,.,20,Unvegetated,122,27.87283333,-82.41583333
4,AM,TB2404034,C,.,20,Unvegetated,471,27.956,-82.418
4,AM,TB2404035,C,.,20,Vegetated,109,27.8925,-82.40766667
4,AM,TB2404036,C,.,20,Vegetated,234,27.75,-82.47083333
4,AM,TB2404037,C,.,160,Unvegetated,144,27.84916667,-82.48133333
4,AM,TB2404038,C,.,160,Vegetated,77,27.92066667,-82.42966667
4,AM,TB2404039,C,.,160,Vegetated,203,27.78916667,-82.4195
4,AM,TB2404040,C,.,160,Vegetated,288,27.702,-82.4695
4,AS,TB2404041,C,.,300,Unstratified,120,27.86916667,-82.43833333
4,AS,TB2404042,C,.,300,Unstratified,167,27.82,-82.41183333
4,AS,TB2404043,C,.,300,Unstratified,215,27.78083333,-82.5125
4,AS,TB2404044,C,.,300,Unstratified,252,27.74033333,-82.48883333
4,AM,TB2404045,D,.,20,Shoreline,276,27.70283333,-82.678
4,AM,TB2404046,D,.,20,Shoreline,311,27.67566667,-82.68833333
4,AM,TB2404047,D,.,20,Unvegetated,295,27.69533333,-82.67966667
4,AM,TB2404048,D,.,20,Vegetated,241,27.7405,-82.705
4,AM,TB2404049,D,.,20,Vegetated,327,27.65633333,-82.72233333
4,AM,TB2404050,D,.,160,Unvegetated,274,27.70616667,-82.7065
4,AM,TB2404051,D,.,160,Vegetated,309,27.6745,-82.71983333
4,AM,TB2404052,D,.,160,Vegetated,341,27.647,-82.7005
4,AS,TB2404053,D,.,300,Unstratified,255,27.72366667,-82.73833333
4,AS,TB2404054,D,.,300,Unstratified,275,27.71283333,-82.694
4,AM,TB2404055,E,.,20,Shoreline,321,27.66966667,-82.524
4,AM,TB2404056,E,.,20,Shoreline,383,27.58483333,-82.59916667
4,AM,TB2404057,E,.,20,Shoreline,441,27.50716667,-82.677
4,AM,TB2404058,E,.,20,Unvegetated,385,27.588,-82.55933333
4,AM,TB2404059,E,.,20,Unvegetated,408,27.53466667,-82.72033333
4,AM,TB2404060,E,.,20,Vegetated,384,27.595,-82.5815
4,AM,TB2404061,E,.,20,Vegetated,473,27.49566667,-82.5825
4,AM,TB2404062,E,.,160,Unvegetated,393,27.57416667,-82.604
4,AM,TB2404063,E,.,160,Vegetated,337,27.66166667,-82.5605
4,AM,TB2404064,E,.,160,Vegetated,394,27.57183333,-82.59466667
4,AM,TB2404065,E,.,160,Vegetated,421,27.53283333,-82.68033333
4,AM,TB2404066,E,.,160,Vegetated,422,27.52066667,-82.65183333
4,AS,TB2404067,E,.,300,Unstratified,301,27.69033333,-82.57833333
4,AS,TB2404068,E,.,300,Unstratified,404,27.5555,-82.63266667
4,AS,TB2404069,E,.,300,Unstratified,410,27.54216667,-82.69016667
4,AS,TB2404070,K,L,23,BackWater,461,27.8595,-82.37233333
4,AS,TB2404071,K,L,23,Unvegetated,136,27.86133333,-82.38433333
4,AS,TB2404072,K,L,23,Unvegetated,461,27.85483333,-82.36916667
4,AS,TB2404073,K,L,23,Vegetated,136,27.85183333,-82.39833333
4,AS,TB2404074,K,L,23,Vegetated,461,27.85466667,-82.37483333
4,AS,TB2404075,K,M,23,BackWater,469,27.859,-82.35233333
4,AS,TB2404076,K,M,23,Unvegetated,469,27.85566667,-82.35733333
4,AS,TB2404077,K,M,23,Unvegetated,469,27.85966667,-82.36266667
4,AS,TB2404078,K,M,23,Vegetated,469,27.85333333,-82.36166667
4,AS,TB2404079,K,M,23,Vegetated,470,27.86166667,-82.33633333
4,AS,TB2404080,K,U,23,Unvegetated,487,27.86733333,-82.31433333
4,AS,TB2404081,K,U,23,Vegetated,484,27.86583333,-82.31766667
4,AS,TB2404082,K,U,23,Vegetated,485,27.8655,-82.31533333
4,AS,TB2404083,L,L,23,Unvegetated,269,27.71683333,-82.47716667
4,AS,TB2404084,L,L,23,Unvegetated,290,27.70566667,-82.449
4,AS,TB2404085,L,L,23,Vegetated,288,27.71233333,-82.47783333
4,AS,TB2404086,L,L,23,Vegetated,289,27.70483333,-82.45283333
4,AS,TB2404087,L,L,23,Vegetated,289,27.70916667,-82.46266667
4,AS,TB2404088,L,U,23,Unvegetated,306,27.693,-82.45
4,AS,TB2404089,L,U,23,Unvegetated,324,27.67233333,-82.43783333
4,AS,TB2404090,L,U,23,Vegetated,465,27.666,-82.43683333
4,AS,TB2404091,L,U,23,Vegetated,466,27.66616667,-82.43
4,AS,TB2404092,M,L,23,BackWater,447,27.51483333,-82.56783333
4,AS,TB2404093,M,L,23,BackWater,448,27.51083333,-82.56483333
4,AS,TB2404094,M,L,23,Unvegetated,448,27.50566667,-82.5625
4,AS,TB2404095,M,L,23,Vegetated,448,27.50916667,-82.55466667
4,AS,TB2404096,M,L,23,Vegetated,448,27.50933333,-82.563
4,AS,TB2404097,M,U,23,Unvegetated,434,27.52866667,-82.4635
4,AS,TB2404098,M,U,23,Vegetated,433,27.525,-82.4785
4,AS,TB2404099,M,U,23,Vegetated,434,27.53016667,-82.46483333
4,AS,TB2404100,N,L,23,Unvegetated,476,27.48883333,-82.52266667
4,AS,TB2404101,N,L,23,Vegetated,477,27.484,-82.5035
4,AS,TB2404102,N,L,23,Vegetated,479,27.48183333,-82.51683333
4,AS,TB2404103,N,U,23,Unvegetated,482,27.46366667,-82.4905
4,AS,TB2404104,N,U,23,Vegetated,481,27.48083333,-82.49933333
4,AS,TB2404105,N,U,23,Vegetated,482,27.45366667,-82.49416667
5,AM,TB2405001,A,.,20,Shoreline,27,27.983,-82.613
5,AM,TB2405002,A,.,20,Shoreline,32,27.96183333,-82.7005
5,AM,TB2405003,A,.,20,Shoreline,97,27.89083333,-82.63133333
5,AM,TB2405004,A,.,20,Unvegetated,22,27.97166667,-82.69933333
5,AM,TB2405005,A,.,20,Unvegetated,64,27.93166667,-82.65083333
5,AM,TB2405006,A,.,20,Vegetated,72,27.92166667,-82.51866667
5,AM,TB2405007,A,.,20,Vegetated,81,27.903,-82.6625
5,AM,TB2405008,A,.,160,Unvegetated,53,27.94483333,-82.55033333
5,AM,TB2405009,A,.,160,Vegetated,4,28.02483333,-82.69583333
5,AM,TB2405010,A,.,160,Vegetated,7,28.023,-82.63516667
5,AM,TB2405011,A,.,160,Vegetated,81,27.91283333,-82.65
5,AM,TB2405012,B,.,20,Shoreline,191,27.796,-82.61683333
5,AM,TB2405013,B,.,20,Shoreline,260,27.72183333,-82.62433333
5,AM,TB2405014,B,.,20,Unvegetated,259,27.72483333,-82.63716667
5,AM,TB2405015,B,.,20,Unvegetated,297,27.69583333,-82.64083333
5,AM,TB2405016,B,.,20,Vegetated,259,27.72333333,-82.63766667
5,AM,TB2405017,B,.,20,Vegetated,297,27.695,-82.6415
5,AM,TB2405018,B,.,160,Unvegetated,174,27.81416667,-82.60133333
5,AM,TB2405019,B,.,160,Vegetated,129,27.86116667,-82.54916667
5,AM,TB2405020,B,.,160,Vegetated,243,27.73816667,-82.64183333
5,AM,TB2405021,B,.,160,Vegetated,244,27.7415,-82.62516667
5,AM,TB2405022,C,.,20,Shoreline,60,27.94166667,-82.39866667
5,AM,TB2405023,C,.,20,Shoreline,253,27.744,-82.47683333
5,AM,TB2405024,C,.,20,Shoreline,254,27.73916667,-82.4655
5,AM,TB2405025,C,.,20,Shoreline,472,27.96033333,-82.40166667
5,AM,TB2405026,C,.,20,Unvegetated,130,27.8655,-82.49683333
5,AM,TB2405027,C,.,20,Unvegetated,219,27.7775,-82.44416667
5,AM,TB2405028,C,.,20,Unvegetated,286,27.71516667,-82.507
5,AM,TB2405029,C,.,20,Vegetated,77,27.92583333,-82.42166667
5,AM,TB2405030,C,.,20,Vegetated,130,27.86583333,-82.49733333
5,AM,TB2405031,C,.,160,Unvegetated,162,27.82933333,-82.49366667
5,AM,TB2405032,C,.,160,Vegetated,148,27.8455,-82.40666667
5,AM,TB2405033,C,.,160,Vegetated,149,27.83633333,-82.38883333
5,AM,TB2405034,C,.,160,Vegetated,253,27.74916667,-82.4775
5,AM,TB2405035,D,.,20,Shoreline,276,27.704,-82.66866667
5,AM,TB2405036,D,.,20,Shoreline,326,27.65116667,-82.7365
5,AM,TB2405037,D,.,20,Unvegetated,312,27.667,-82.67016667
5,AM,TB2405038,D,.,20,Vegetated,294,27.69833333,-82.6995
5,AM,TB2405039,D,.,20,Vegetated,352,27.61916667,-82.726
5,AM,TB2405040,D,.,160,Unvegetated,352,27.62083333,-82.724
5,AM,TB2405041,D,.,160,Vegetated,272,27.71166667,-82.74216667
5,AM,TB2405042,D,.,160,Vegetated,294,27.69366667,-82.68366667
5,AM,TB2405043,E,.,20,Shoreline,322,27.673,-82.5055
5,AM,TB2405044,E,.,20,Shoreline,323,27.68133333,-82.48516667
5,AM,TB2405045,E,.,20,Shoreline,362,27.62416667,-82.561
5,AM,TB2405046,E,.,20,Unvegetated,385,27.58933333,-82.5625
5,AM,TB2405047,E,.,20,Unvegetated,440,27.5045,-82.68566667
5,AM,TB2405048,E,.,20,Vegetated,337,27.6645,-82.5535
5,AM,TB2405049,E,.,20,Vegetated,405,27.552,-82.61266667
5,AM,TB2405050,E,.,160,Unvegetated,349,27.64583333,-82.57116667
5,AM,TB2405051,E,.,160,Vegetated,321,27.68216667,-82.51966667
5,AM,TB2405052,E,.,160,Vegetated,337,27.65483333,-82.55666667
5,AM,TB2405053,E,.,160,Vegetated,372,27.60766667,-82.57666667
5,AM,TB2405054,E,.,160,Vegetated,406,27.565,-82.59666667
5,AS,TB2405055,K,L,300,Unstratified,461,27.85733333,-82.37183333
5,AS,TB2405056,K,M,300,Unstratified,470,27.86366667,-82.34
5,AS,TB2405057,L,L,300,Unstratified,288,27.71316667,-82.46883333
5,AS,TB2405058,L,L,300,Unstratified,289,27.7085,-82.4545
5,AS,TB2405059,L,L,300,Unstratified,290,27.70816667,-82.44916667
5,AS,TB2405060,L,U,300,Unstratified,307,27.691,-82.44983333
5,AS,TB2405061,L,U,300,Unstratified,324,27.6705,-82.43566667
5,AS,TB2405062,L,U,300,Unstratified,462,27.68433333,-82.4315
5,AS,TB2405063,M,L,300,Unstratified,450,27.51583333,-82.517
5,AS,TB2405064,M,L,300,Unstratified,450,27.51616667,-82.52016667
5,AS,TB2405065,M,U,300,Unstratified,433,27.52783333,-82.47933333
5,AS,TB2405066,M,U,300,Unstratified,452,27.51633333,-82.48466667
5,AS,TB2405067,N,L,300,Unstratified,476,27.49366667,-82.51966667
5,AS,TB2405068,N,U,300,Unstratified,481,27.47833333,-82.49333333
6,AM,TB2406001,A,.,20,Shoreline,13,28.002,-82.61483333
6,AM,TB2406002,A,.,20,Shoreline,19,27.9925,-82.60133333
6,AM,TB2406003,A,.,20,Shoreline,102,27.894,-82.53616667
6,AM,TB2406004,A,.,20,Unvegetated,79,27.90766667,-82.694
6,AM,TB2406005,A,.,20,Unvegetated,103,27.88366667,-82.5225
6,AM,TB2406006,A,.,20,Vegetated,42,27.956,-82.54866667
6,AM,TB2406007,A,.,20,Vegetated,103,27.88416667,-82.523
6,AM,TB2406008,A,.,160,Unvegetated,33,27.95066667,-82.691
6,AM,TB2406009,A,.,160,Vegetated,15,27.99266667,-82.668
6,AM,TB2406010,A,.,160,Vegetated,18,27.99733333,-82.62966667
6,AM,TB2406011,A,.,160,Vegetated,97,27.88516667,-82.62716667
6,AM,TB2406012,B,.,20,Shoreline,160,27.82116667,-82.5215
6,AM,TB2406013,B,.,20,Shoreline,244,27.73983333,-82.61983333
6,AM,TB2406014,B,.,20,Unvegetated,225,27.76333333,-82.63033333
6,AM,TB2406015,B,.,20,Unvegetated,260,27.7175,-82.63183333
6,AM,TB2406016,B,.,20,Vegetated,143,27.8385,-82.52466667
6,AM,TB2406017,B,.,20,Vegetated,243,27.743,-82.6385
6,AM,TB2406018,B,.,160,Unvegetated,208,27.77033333,-82.63316667
6,AM,TB2406019,B,.,160,Vegetated,110,27.86866667,-82.62966667
6,AM,TB2406020,B,.,160,Vegetated,112,27.869,-82.59333333
6,AM,TB2406021,B,.,160,Vegetated,156,27.82916667,-82.58333333
6,AM,TB2406022,C,.,20,Shoreline,56,27.9485,-82.45616667
6,AM,TB2406023,C,.,20,Shoreline,76,27.9195,-82.44016667
6,AM,TB2406024,C,.,20,Shoreline,92,27.9075,-82.457
6,AM,TB2406025,C,.,20,Shoreline,165,27.82333333,-82.43916667
6,AM,TB2406026,C,.,20,Unvegetated,108,27.89016667,-82.42766667
6,AM,TB2406027,C,.,20,Unvegetated,204,27.78716667,-82.402
6,AM,TB2406028,C,.,20,Unvegetated,286,27.71266667,-82.50583333
6,AM,TB2406029,C,.,20,Vegetated,118,27.86783333,-82.4775
6,AM,TB2406030,C,.,20,Vegetated,233,27.75583333,-82.49616667
6,AM,TB2406031,C,.,160,Unvegetated,105,27.8935,-82.48166667
6,AM,TB2406032,C,.,160,Vegetated,121,27.87616667,-82.42383333
6,AM,TB2406033,C,.,160,Vegetated,187,27.813,-82.3845
6,AM,TB2406034,C,.,160,Vegetated,269,27.71983333,-82.4685
6,AM,TB2406035,D,.,20,Shoreline,256,27.72366667,-82.73016667
6,AM,TB2406036,D,.,20,Shoreline,327,27.65616667,-82.71933333
6,AM,TB2406037,D,.,20,Unvegetated,240,27.73533333,-82.7315
6,AM,TB2406038,D,.,20,Vegetated,291,27.698,-82.74183333
6,AM,TB2406039,D,.,20,Vegetated,328,27.66216667,-82.71616667
6,AM,TB2406040,D,.,160,Unvegetated,353,27.61816667,-82.7095
6,AM,TB2406041,D,.,160,Vegetated,294,27.68466667,-82.69816667
6,AM,TB2406042,D,.,160,Vegetated,342,27.64833333,-82.69416667
6,AM,TB2406043,E,.,20,Shoreline,349,27.63716667,-82.57716667
6,AM,TB2406044,E,.,20,Shoreline,362,27.62183333,-82.55183333
6,AM,TB2406045,E,.,20,Shoreline,417,27.54233333,-82.57866667
6,AM,TB2406046,E,.,20,Unvegetated,392,27.57516667,-82.62633333
6,AM,TB2406047,E,.,20,Unvegetated,404,27.55166667,-82.63016667
6,AM,TB2406048,E,.,20,Vegetated,413,27.5465,-82.64833333
6,AM,TB2406049,E,.,20,Vegetated,418,27.52516667,-82.7215
6,AM,TB2406050,E,.,160,Unvegetated,406,27.55033333,-82.58983333
6,AM,TB2406051,E,.,160,Vegetated,321,27.67433333,-82.52566667
6,AM,TB2406052,E,.,160,Vegetated,337,27.662,-82.55783333
6,AM,TB2406053,E,.,160,Vegetated,393,27.57116667,-82.61316667
6,AM,TB2406054,E,.,160,Vegetated,416,27.5455,-82.5965
6,AS,TB2406055,K,L,23,BackWater,461,27.853,-82.36966667
6,AS,TB2406056,K,L,23,Unvegetated,461,27.85483333,-82.371
6,AS,TB2406057,K,L,23,Unvegetated,461,27.85533333,-82.371
6,AS,TB2406058,K,L,23,Vegetated,136,27.854,-82.39433333
6,AS,TB2406059,K,L,23,Vegetated,136,27.85983333,-82.38983333
6,AS,TB2406060,K,M,23,BackWater,469,27.85833333,-82.3525
6,AS,TB2406061,K,M,23,Unvegetated,469,27.85316667,-82.363
6,AS,TB2406062,K,M,23,Unvegetated,470,27.86633333,-82.33383333
6,AS,TB2406063,K,M,23,Vegetated,469,27.85833333,-82.35416667
6,AS,TB2406064,K,M,23,Vegetated,470,27.86266667,-82.33733333
6,AS,TB2406065,K,U,23,Unvegetated,484,27.86416667,-82.32133333
6,AS,TB2406066,K,U,23,Vegetated,484,27.86566667,-82.333
6,AS,TB2406067,K,U,23,Vegetated,486,27.86683333,-82.33016667
6,AS,TB2406068,L,L,23,Unvegetated,270,27.71716667,-82.45483333
6,AS,TB2406069,L,L,23,Unvegetated,271,27.7185,-82.43633333
6,AS,TB2406070,L,L,23,Vegetated,271,27.7195,-82.43416667
6,AS,TB2406071,L,L,23,Vegetated,288,27.714,-82.47833333
6,AS,TB2406072,L,L,23,Vegetated,289,27.71566667,-82.45133333
6,AS,TB2406073,L,U,23,Unvegetated,325,27.6775,-82.43066667
6,AS,TB2406074,L,U,23,Unvegetated,325,27.6795,-82.43133333
6,AS,TB2406075,L,U,23,Vegetated,325,27.66966667,-82.421
6,AS,TB2406076,L,U,23,Vegetated,325,27.6685,-82.4225
6,AS,TB2406077,M,L,23,BackWater,449,27.5135,-82.534
6,AS,TB2406078,M,L,23,BackWater,476,27.49816667,-82.52483333
6,AS,TB2406079,M,L,23,Unvegetated,475,27.49916667,-82.54716667
6,AS,TB2406080,M,L,23,Vegetated,448,27.51183333,-82.5535
6,AS,TB2406081,M,L,23,Vegetated,474,27.49783333,-82.556
6,AS,TB2406082,M,U,23,Unvegetated,435,27.51983333,-82.44533333
6,AS,TB2406083,M,U,23,Vegetated,433,27.51966667,-82.47683333
6,AS,TB2406084,M,U,23,Vegetated,435,27.5185,-82.43566667
6,AS,TB2406085,N,L,23,Unvegetated,478,27.4855,-82.49883333
6,AS,TB2406086,N,L,23,Vegetated,476,27.49716667,-82.51816667
6,AS,TB2406087,N,L,23,Vegetated,477,27.4855,-82.5055
6,AS,TB2406088,N,U,23,Unvegetated,482,27.452,-82.48916667
6,AS,TB2406089,N,U,23,Vegetated,481,27.46683333,-82.49483333
6,AS,TB2406090,N,U,23,Vegetated,483,27.44666667,-82.49166667
7,AM,TB2407001,A,.,20,Shoreline,22,27.97716667,-82.69816667
7,AM,TB2407002,A,.,20,Shoreline,27,27.98216667,-82.60883333
7,AM,TB2407003,A,.,20,Shoreline,55,27.94733333,-82.52166667
7,AM,TB2407004,A,.,20,Unvegetated,6,28.0185,-82.6575
7,AM,TB2407005,A,.,20,Unvegetated,16,27.9835,-82.6595
7,AM,TB2407006,A,.,20,Vegetated,19,27.98533333,-82.61616667
7,AM,TB2407007,A,.,20,Vegetated,28,27.967,-82.5985
7,AM,TB2407008,A,.,160,Unvegetated,32,27.95333333,-82.71133333
7,AM,TB2407009,A,.,160,Vegetated,22,27.981,-82.6895
7,AM,TB2407010,A,.,160,Vegetated,27,27.96966667,-82.60266667
7,AM,TB2407011,A,.,160,Vegetated,80,27.90133333,-82.67583333
7,AS,TB2407012,A,.,300,Unstratified,63,27.93233333,-82.67666667
7,AS,TB2407013,A,.,300,Unstratified,69,27.92433333,-82.56666667
7,AS,TB2407014,A,.,300,Unstratified,87,27.90083333,-82.5605
7,AM,TB2407015,B,.,20,Shoreline,154,27.83216667,-82.63233333
7,AM,TB2407016,B,.,20,Shoreline,174,27.81533333,-82.61416667
7,AM,TB2407017,B,.,20,Unvegetated,125,27.85566667,-82.60483333
7,AM,TB2407018,B,.,20,Unvegetated,143,27.84566667,-82.52383333
7,AM,TB2407019,B,.,20,Vegetated,138,27.8355,-82.608
7,AM,TB2407020,B,.,20,Vegetated,141,27.83666667,-82.553
7,AM,TB2407021,B,.,160,Unvegetated,208,27.77333333,-82.63166667
7,AM,TB2407022,B,.,160,Vegetated,143,27.83916667,-82.52483333
7,AM,TB2407023,B,.,160,Vegetated,191,27.7915,-82.61716667
7,AM,TB2407024,B,.,160,Vegetated,244,27.74916667,-82.62416667
7,AS,TB2407025,B,.,300,Unstratified,157,27.82066667,-82.57416667
7,AS,TB2407026,B,.,300,Unstratified,158,27.8325,-82.56116667
7,AS,TB2407027,B,.,300,Unstratified,264,27.71966667,-82.55683333
7,AM,TB2407028,C,.,20,Shoreline,58,27.94433333,-82.43083333
7,AM,TB2407029,C,.,20,Shoreline,130,27.85416667,-82.48933333
7,AM,TB2407030,C,.,20,Shoreline,148,27.84933333,-82.41216667
7,AM,TB2407031,C,.,20,Shoreline,161,27.82116667,-82.50783333
7,AM,TB2407032,C,.,20,Unvegetated,161,27.82016667,-82.50766667
7,AM,TB2407033,C,.,20,Unvegetated,203,27.7955,-82.41766667
7,AM,TB2407034,C,.,20,Unvegetated,254,27.74466667,-82.461
7,AM,TB2407035,C,.,20,Vegetated,162,27.817,-82.4955
7,AM,TB2407036,C,.,20,Vegetated,236,27.7655,-82.4395
7,AM,TB2407037,C,.,160,Unvegetated,104,27.8865,-82.492
7,AM,TB2407038,C,.,160,Vegetated,135,27.856,-82.40066667
7,AM,TB2407039,C,.,160,Vegetated,136,27.85966667,-82.39366667
7,AM,TB2407040,C,.,160,Vegetated,253,27.73916667,-82.4725
7,AS,TB2407041,C,.,300,Unstratified,90,27.91083333,-82.48733333
7,AS,TB2407042,C,.,300,Unstratified,133,27.85,-82.44733333
7,AS,TB2407043,C,.,300,Unstratified,166,27.833,-82.42366667
7,AS,TB2407044,C,.,300,Unstratified,186,27.8055,-82.40116667
7,AM,TB2407045,D,.,20,Shoreline,240,27.74083333,-82.73266667
7,AM,TB2407046,D,.,20,Shoreline,275,27.70033333,-82.688
7,AM,TB2407047,D,.,20,Unvegetated,257,27.7215,-82.71633333
7,AM,TB2407048,D,.,20,Vegetated,272,27.709,-82.73916667
7,AM,TB2407049,D,.,20,Vegetated,351,27.63,-82.73533333
7,AM,TB2407050,D,.,160,Unvegetated,342,27.64816667,-82.697
7,AM,TB2407051,D,.,160,Vegetated,272,27.7035,-82.7495
7,AM,TB2407052,D,.,160,Vegetated,309,27.678,-82.7285
7,AS,TB2407053,D,.,300,Unstratified,256,27.73083333,-82.72316667
7,AS,TB2407054,D,.,300,Unstratified,343,27.64983333,-82.66866667
7,AM,TB2407055,E,.,20,Shoreline,320,27.67083333,-82.53866667
7,AM,TB2407056,E,.,20,Shoreline,396,27.57516667,-82.55133333
7,AM,TB2407057,E,.,20,Shoreline,405,27.55383333,-82.615
7,AM,TB2407058,E,.,20,Unvegetated,408,27.539,-82.72733333
7,AM,TB2407059,E,.,20,Unvegetated,422,27.53083333,-82.659
7,AM,TB2407060,E,.,20,Vegetated,322,27.68316667,-82.50316667
7,AM,TB2407061,E,.,20,Vegetated,371,27.6155,-82.5865
7,AM,TB2407062,E,.,160,Unvegetated,382,27.59133333,-82.60766667
7,AM,TB2407063,E,.,160,Vegetated,338,27.66133333,-82.54533333
7,AM,TB2407064,E,.,160,Vegetated,372,27.602,-82.58283333
7,AM,TB2407065,E,.,160,Vegetated,404,27.55933333,-82.61916667
7,AM,TB2407066,E,.,160,Vegetated,421,27.52866667,-82.683
7,AS,TB2407067,E,.,300,Unstratified,401,27.554,-82.6765
7,AS,TB2407068,E,.,300,Unstratified,421,27.52566667,-82.67983333
7,AS,TB2407069,E,.,300,Unstratified,423,27.52616667,-82.6355
7,AS,TB2407070,K,L,300,Unstratified,461,27.86016667,-82.38016667
7,AS,TB2407071,K,M,300,Unstratified,470,27.85833333,-82.34516667
7,AS,TB2407072,L,L,300,Unstratified,288,27.7105,-82.479
7,AS,TB2407073,L,L,300,Unstratified,288,27.71316667,-82.472
7,AS,TB2407074,L,L,300,Unstratified,288,27.71416667,-82.4725
7,AS,TB2407075,L,U,300,Unstratified,306,27.6905,-82.45333333
7,AS,TB2407076,L,U,300,Unstratified,307,27.68716667,-82.442
7,AS,TB2407077,L,U,300,Unstratified,325,27.67266667,-82.41683333
7,AS,TB2407078,M,L,300,Unstratified,448,27.50266667,-82.55716667
7,AS,TB2407079,M,L,300,Unstratified,448,27.51116667,-82.5515
7,AS,TB2407080,M,U,300,Unstratified,432,27.52633333,-82.49483333
7,AS,TB2407081,M,U,300,Unstratified,433,27.53083333,-82.4685
7,AS,TB2407082,N,L,300,Unstratified,477,27.49,-82.5125
7,AS,TB2407083,N,U,300,Unstratified,481,27.47583333,-82.49516667
8,AM,TB2408001,A,.,20,Shoreline,27,27.98033333,-82.604
8,AM,TB2408002,A,.,20,Shoreline,29,27.98116667,-82.5815
8,AM,TB2408003,A,.,20,Shoreline,61,27.92133333,-82.707
8,AM,TB2408004,A,.,20,Unvegetated,28,27.97783333,-82.5835
8,AM,TB2408005,A,.,20,Unvegetated,34,27.95716667,-82.67966667
8,AM,TB2408006,A,.,20,Vegetated,27,27.98116667,-82.60466667
8,AM,TB2408007,A,.,20,Vegetated,102,27.88366667,-82.543
8,AM,TB2408008,A,.,160,Unvegetated,25,27.9705,-82.6475
8,AM,TB2408009,A,.,160,Vegetated,5,28.0285,-82.66833333
8,AM,TB2408010,A,.,160,Vegetated,19,27.986,-82.60933333
8,AM,TB2408011,A,.,160,Vegetated,96,27.89883333,-82.64766667
8,AM,TB2408012,B,.,20,Shoreline,175,27.80883333,-82.58383333
8,AM,TB2408013,B,.,20,Shoreline,279,27.71016667,-82.62283333
8,AM,TB2408014,B,.,20,Unvegetated,139,27.8435,-82.58866667
8,AM,TB2408015,B,.,20,Unvegetated,244,27.74433333,-82.61816667
8,AM,TB2408016,B,.,20,Vegetated,137,27.83666667,-82.63016667
8,AM,TB2408017,B,.,20,Vegetated,259,27.7195,-82.64
8,AM,TB2408018,B,.,160,Unvegetated,244,27.741,-82.62233333
8,AM,TB2408019,B,.,160,Vegetated,115,27.87933333,-82.53333333
8,AM,TB2408020,B,.,160,Vegetated,124,27.85033333,-82.62083333
8,AM,TB2408021,B,.,160,Vegetated,137,27.848,-82.62383333
8,AM,TB2408022,C,.,20,Shoreline,77,27.93266667,-82.42083333
8,AM,TB2408023,C,.,20,Shoreline,148,27.84633333,-82.40033333
8,AM,TB2408024,C,.,20,Shoreline,288,27.702,-82.47633333
8,AM,TB2408025,C,.,20,Shoreline,471,27.952,-82.42366667
8,AM,TB2408026,C,.,20,Unvegetated,73,27.92,-82.497
8,AM,TB2408027,C,.,20,Unvegetated,104,27.88416667,-82.492
8,AM,TB2408028,C,.,20,Unvegetated,253,27.74916667,-82.4735
8,AM,TB2408029,C,.,20,Vegetated,108,27.88433333,-82.42366667
8,AM,TB2408030,C,.,20,Vegetated,267,27.729,-82.504
8,AM,TB2408031,C,.,160,Unvegetated,105,27.886,-82.477
8,AM,TB2408032,C,.,160,Vegetated,58,27.937,-82.42066667
8,AM,TB2408033,C,.,160,Vegetated,163,27.81783333,-82.48083333
8,AM,TB2408034,C,.,160,Vegetated,186,27.80533333,-82.41366667
8,AM,TB2408035,D,.,20,Shoreline,292,27.685,-82.71716667
8,AM,TB2408036,D,.,20,Shoreline,329,27.6545,-82.69
8,AM,TB2408037,D,.,20,Unvegetated,326,27.65333333,-82.7375
8,AM,TB2408038,D,.,20,Vegetated,240,27.74383333,-82.731
8,AM,TB2408039,D,.,20,Vegetated,313,27.68083333,-82.65383333
8,AM,TB2408040,D,.,160,Unvegetated,353,27.63016667,-82.71033333
8,AM,TB2408041,D,.,160,Vegetated,326,27.6505,-82.7465
8,AM,TB2408042,D,.,160,Vegetated,341,27.64133333,-82.71416667
8,AM,TB2408043,E,.,20,Shoreline,337,27.6535,-82.55183333
8,AM,TB2408044,E,.,20,Shoreline,373,27.6105,-82.56583333
8,AM,TB2408045,E,.,20,Shoreline,395,27.57266667,-82.57383333
8,AM,TB2408046,E,.,20,Unvegetated,374,27.61316667,-82.54333333
8,AM,TB2408047,E,.,20,Unvegetated,403,27.55466667,-82.63616667
8,AM,TB2408048,E,.,20,Vegetated,381,27.59733333,-82.62633333
8,AM,TB2408049,E,.,20,Vegetated,413,27.53666667,-82.63933333
8,AM,TB2408050,E,.,160,Unvegetated,415,27.53533333,-82.61433333
8,AM,TB2408051,E,.,160,Vegetated,320,27.67416667,-82.54383333
8,AM,TB2408052,E,.,160,Vegetated,338,27.65966667,-82.54
8,AM,TB2408053,E,.,160,Vegetated,416,27.538,-82.58866667
8,AM,TB2408054,E,.,160,Vegetated,421,27.53116667,-82.67966667
8,AS,TB2408055,K,L,23,BackWater,461,27.86083333,-82.377
8,AS,TB2408056,K,L,23,Unvegetated,461,27.85583333,-82.37183333
8,AS,TB2408057,K,L,23,Unvegetated,461,27.86133333,-82.383
8,AS,TB2408058,K,L,23,Vegetated,136,27.85366667,-82.39483333
8,AS,TB2408059,K,L,23,Vegetated,461,27.86016667,-82.368
8,AS,TB2408060,K,M,23,BackWater,469,27.85466667,-82.36266667
8,AS,TB2408061,K,M,23,Unvegetated,469,27.85683333,-82.36316667
8,AS,TB2408062,K,M,23,Unvegetated,470,27.86216667,-82.33566667
8,AS,TB2408063,K,M,23,Vegetated,469,27.8565,-82.36616667
8,AS,TB2408064,K,M,23,Vegetated,470,27.86183333,-82.33983333
8,AS,TB2408065,K,U,23,Unvegetated,487,27.88266667,-82.30833333
8,AS,TB2408066,K,U,23,Vegetated,486,27.8685,-82.32633333
8,AS,TB2408067,K,U,23,Vegetated,487,27.88066667,-82.31066667
8,AS,TB2408068,L,L,23,Unvegetated,271,27.71816667,-82.44416667
8,AS,TB2408069,L,L,23,Unvegetated,290,27.70783333,-82.44866667
8,AS,TB2408070,L,L,23,Vegetated,288,27.71616667,-82.47116667
8,AS,TB2408071,L,L,23,Vegetated,289,27.71233333,-82.4635
8,AS,TB2408072,L,L,23,Vegetated,290,27.70983333,-82.4485
8,AS,TB2408073,L,U,23,Unvegetated,307,27.6925,-82.445
8,AS,TB2408074,L,U,23,Unvegetated,324,27.682,-82.43533333
8,AS,TB2408075,L,U,23,Vegetated,306,27.699,-82.45333333
8,AS,TB2408076,L,U,23,Vegetated,307,27.699,-82.447
8,AS,TB2408077,M,L,23,BackWater,449,27.51633333,-82.5345
8,AS,TB2408078,M,L,23,BackWater,450,27.516,-82.53033333
8,AS,TB2408079,M,L,23,Unvegetated,450,27.515,-82.52166667
8,AS,TB2408080,M,L,23,Vegetated,448,27.51183333,-82.55966667
8,AS,TB2408081,M,L,23,Vegetated,474,27.49833333,-82.55733333
8,AS,TB2408082,M,U,23,Unvegetated,432,27.53033333,-82.49716667
8,AS,TB2408083,M,U,23,Vegetated,433,27.52383333,-82.46916667
8,AS,TB2408084,M,U,23,Vegetated,434,27.523,-82.45633333
8,AS,TB2408085,N,L,23,Unvegetated,480,27.47866667,-82.51016667
8,AS,TB2408086,N,L,23,Vegetated,480,27.4825,-82.502
8,AS,TB2408087,N,L,23,Vegetated,480,27.482,-82.508
8,AS,TB2408088,N,U,23,Unvegetated,481,27.476,-82.49316667
8,AS,TB2408089,N,U,23,Vegetated,481,27.48,-82.494
8,AS,TB2408090,N,U,23,Vegetated,483,27.44366667,-82.48833333
9,AM,TB2409001,A,.,20,Shoreline,12,28.00866667,-82.62166667
9,AM,TB2409002,A,.,20,Shoreline,31,27.96133333,-82.71983333
9,AM,TB2409003,A,.,20,Shoreline,40,27.961,-82.5735
9,AM,TB2409004,A,.,20,Unvegetated,54,27.94133333,-82.53933333
9,AM,TB2409005,A,.,20,Unvegetated,83,27.90183333,-82.63133333
9,AM,TB2409006,A,.,20,Vegetated,10,28.0065,-82.65966667
9,AM,TB2409007,A,.,20,Vegetated,16,27.98466667,-82.6565
9,AM,TB2409008,A,.,160,Unvegetated,67,27.9255,-82.6015
9,AM,TB2409009,A,.,160,Vegetated,6,28.0185,-82.657
9,AM,TB2409010,A,.,160,Vegetated,28,27.96916667,-82.59183333
9,AM,TB2409011,A,.,160,Vegetated,32,27.9585,-82.71266667
9,AM,TB2409012,B,.,20,Shoreline,244,27.74616667,-82.6275
9,AM,TB2409013,B,.,20,Shoreline,260,27.71933333,-82.62366667
9,AM,TB2409014,B,.,20,Unvegetated,139,27.84033333,-82.58666667
9,AM,TB2409015,B,.,20,Unvegetated,193,27.79083333,-82.594
9,AM,TB2409016,B,.,20,Vegetated,116,27.8755,-82.5185
9,AM,TB2409017,B,.,20,Vegetated,192,27.78733333,-82.6145
9,AM,TB2409018,B,.,160,Unvegetated,279,27.71133333,-82.61783333
9,AM,TB2409019,B,.,160,Vegetated,112,27.87366667,-82.59166667
9,AM,TB2409020,B,.,160,Vegetated,116,27.8805,-82.5205
9,AM,TB2409021,B,.,160,Vegetated,142,27.84233333,-82.54216667
9,AM,TB2409022,C,.,20,Shoreline,78,27.92833333,-82.40483333
9,AM,TB2409023,C,.,20,Shoreline,130,27.856,-82.48383333
9,AM,TB2409024,C,.,20,Shoreline,219,27.7745,-82.44883333
9,AM,TB2409025,C,.,20,Shoreline,288,27.7,-82.47566667
9,AM,TB2409026,C,.,20,Unvegetated,104,27.8945,-82.4845
9,AM,TB2409027,C,.,20,Unvegetated,107,27.89816667,-82.44066667
9,AM,TB2409028,C,.,20,Unvegetated,136,27.863,-82.39566667
9,AM,TB2409029,C,.,20,Vegetated,78,27.9285,-82.40466667
9,AM,TB2409030,C,.,20,Vegetated,149,27.83683333,-82.3835
9,AM,TB2409031,C,.,160,Unvegetated,92,27.91416667,-82.463
9,AM,TB2409032,C,.,160,Vegetated,147,27.849,-82.42183333
9,AM,TB2409033,C,.,160,Vegetated,168,27.83033333,-82.39183333
9,AM,TB2409034,C,.,160,Vegetated,268,27.72533333,-82.49066667
9,AM,TB2409035,D,.,20,Shoreline,242,27.73533333,-82.69783333
9,AM,TB2409036,D,.,20,Shoreline,256,27.73283333,-82.73
9,AM,TB2409037,D,.,20,Unvegetated,352,27.63,-82.7185
9,AM,TB2409038,D,.,20,Vegetated,257,27.733,-82.70033333
9,AM,TB2409039,D,.,20,Vegetated,326,27.6535,-82.74816667
9,AM,TB2409040,D,.,160,Unvegetated,342,27.64716667,-82.69116667
9,AM,TB2409041,D,.,160,Vegetated,272,27.70166667,-82.73366667
9,AM,TB2409042,D,.,160,Vegetated,351,27.6265,-82.7385
9,AM,TB2409043,E,.,20,Shoreline,414,27.541,-82.62966667
9,AM,TB2409044,E,.,20,Shoreline,421,27.52766667,-82.678
9,AM,TB2409045,E,.,20,Shoreline,440,27.51433333,-82.69666667
9,AM,TB2409046,E,.,20,Unvegetated,415,27.54966667,-82.60883333
9,AM,TB2409047,E,.,20,Unvegetated,420,27.522,-82.69716667
9,AM,TB2409048,E,.,20,Vegetated,381,27.59266667,-82.621
9,AM,TB2409049,E,.,20,Vegetated,383,27.58933333,-82.59983333
9,AM,TB2409050,E,.,160,Unvegetated,404,27.55333333,-82.62583333
9,AM,TB2409051,E,.,160,Vegetated,305,27.69416667,-82.51266667
9,AM,TB2409052,E,.,160,Vegetated,338,27.6555,-82.53883333
9,AM,TB2409053,E,.,160,Vegetated,361,27.62216667,-82.57383333
9,AM,TB2409054,E,.,160,Vegetated,383,27.58633333,-82.59566667
9,AS,TB2409055,K,L,23,BackWater,136,27.8565,-82.38816667
9,AS,TB2409056,K,L,23,Unvegetated,461,27.856,-82.38116667
9,AS,TB2409057,K,L,23,Unvegetated,461,27.861,-82.38116667
9,AS,TB2409058,K,L,23,Vegetated,136,27.85566667,-82.3935
9,AS,TB2409059,K,L,23,Vegetated,136,27.85883333,-82.38866667
9,AS,TB2409060,K,L,300,Unstratified,136,27.85533333,-82.39216667
9,AS,TB2409061,K,M,23,BackWater,469,27.854,-82.3625
9,AS,TB2409062,K,M,23,Unvegetated,469,27.856,-82.35833333
9,AS,TB2409063,K,M,23,Unvegetated,469,27.8595,-82.35183333
9,AS,TB2409064,K,M,23,Vegetated,469,27.8545,-82.364
9,AS,TB2409065,K,M,23,Vegetated,470,27.85766667,-82.349
9,AS,TB2409066,K,M,300,Unstratified,469,27.85766667,-82.354
9,AS,TB2409067,K,U,23,Unvegetated,487,27.87416667,-82.31266667
9,AS,TB2409068,K,U,23,Vegetated,484,27.866,-82.31766667
9,AS,TB2409069,K,U,23,Vegetated,484,27.865,-82.332
9,AS,TB2409070,L,L,23,Unvegetated,270,27.71666667,-82.46283333
9,AS,TB2409071,L,L,23,Unvegetated,290,27.7035,-82.4485
9,AS,TB2409072,L,L,23,Vegetated,270,27.718,-82.46133333
9,AS,TB2409073,L,L,23,Vegetated,288,27.71466667,-82.47166667
9,AS,TB2409074,L,L,23,Vegetated,289,27.71216667,-82.455
9,AS,TB2409075,L,L,300,Unstratified,288,27.71266667,-82.4755
9,AS,TB2409076,L,L,300,Unstratified,288,27.71333333,-82.4715
9,AS,TB2409077,L,L,300,Unstratified,290,27.70633333,-82.44916667
9,AS,TB2409078,L,U,23,Unvegetated,324,27.669,-82.43383333
9,AS,TB2409079,L,U,23,Unvegetated,466,27.66533333,-82.43083333
9,AS,TB2409080,L,U,23,Vegetated,306,27.69,-82.45433333
9,AS,TB2409081,L,U,23,Vegetated,306,27.69083333,-82.455
9,AS,TB2409082,L,U,300,Unstratified,307,27.68466667,-82.44783333
9,AS,TB2409083,L,U,300,Unstratified,307,27.6885,-82.4475
9,AS,TB2409084,L,U,300,Unstratified,325,27.6725,-82.41683333
9,AS,TB2409085,M,L,23,BackWater,430,27.519,-82.52266667
9,AS,TB2409086,M,L,23,BackWater,476,27.49983333,-82.52916667
9,AS,TB2409087,M,L,23,Unvegetated,431,27.52983333,-82.50516667
9,AS,TB2409088,M,L,23,Vegetated,431,27.52916667,-82.50716667
9,AS,TB2409089,M,L,23,Vegetated,474,27.4995,-82.55633333
9,AS,TB2409090,M,L,300,Unstratified,431,27.524,-82.51166667
9,AS,TB2409091,M,L,300,Unstratified,448,27.5095,-82.553
9,AS,TB2409092,M,U,23,Unvegetated,434,27.53133333,-82.45316667
9,AS,TB2409093,M,U,23,Vegetated,433,27.523,-82.4785
9,AS,TB2409094,M,U,23,Vegetated,434,27.52016667,-82.462
9,AS,TB2409095,M,U,300,Unstratified,432,27.5265,-82.4915
9,AS,TB2409096,M,U,300,Unstratified,433,27.52733333,-82.47866667
9,AS,TB2409097,N,L,23,Unvegetated,480,27.48233333,-82.50433333
9,AS,TB2409098,N,L,23,Vegetated,476,27.49183333,-82.51866667
9,AS,TB2409099,N,L,23,Vegetated,480,27.48083333,-82.50716667
9,AS,TB2409100,N,L,300,Unstratified,476,27.493,-82.52283333
9,AS,TB2409101,N,U,23,Unvegetated,482,27.46166667,-82.49333333
9,AS,TB2409102,N,U,23,Vegetated,481,27.4815,-82.49816667
9,AS,TB2409103,N,U,23,Vegetated,482,27.46366667,-82.49116667
9,AS,TB2409104,N,U,300,Unstratified,481,27.47616667,-82.498
10,AM,TB2410001,A,.,20,Shoreline,13,28.01066667,-82.605
10,AM,TB2410002,A,.,20,Shoreline,35,27.96566667,-82.66316667
10,AM,TB2410003,A,.,20,Shoreline,40,27.96533333,-82.56733333
10,AM,TB2410004,A,.,20,Unvegetated,18,27.99283333,-82.63066667
10,AM,TB2410005,A,.,20,Unvegetated,55,27.9335,-82.52333333
10,AM,TB2410006,A,.,20,Vegetated,14,27.98366667,-82.6975
10,AM,TB2410007,A,.,20,Vegetated,65,27.92516667,-82.642
10,AM,TB2410008,A,.,160,Unvegetated,66,27.91916667,-82.6255
10,AM,TB2410009,A,.,160,Vegetated,13,28.011,-82.6075
10,AM,TB2410010,A,.,160,Vegetated,32,27.965,-82.71166667
10,AM,TB2410011,A,.,160,Vegetated,81,27.90883333,-82.66266667
10,AS,TB2410012,A,.,300,Unstratified,15,27.98983333,-82.677
10,AS,TB2410013,A,.,300,Unstratified,71,27.92,-82.54183333
10,AS,TB2410014,A,.,300,Unstratified,86,27.90683333,-82.568
10,AM,TB2410015,B,.,20,Shoreline,191,27.78683333,-82.6245
10,AM,TB2410016,B,.,20,Shoreline,225,27.7505,-82.62733333
10,AM,TB2410017,B,.,20,Unvegetated,141,27.84066667,-82.55866667
10,AM,TB2410018,B,.,20,Unvegetated,193,27.79466667,-82.596
10,AM,TB2410019,B,.,20,Vegetated,116,27.87,-82.5255
10,AM,TB2410020,B,.,20,Vegetated,174,27.81,-82.60183333
10,AM,TB2410021,B,.,160,Unvegetated,175,27.81066667,-82.58816667
10,AM,TB2410022,B,.,160,Vegetated,124,27.8665,-82.632
10,AM,TB2410023,B,.,160,Vegetated,156,27.83016667,-82.58933333
10,AM,TB2410024,B,.,160,Vegetated,244,27.73583333,-82.63166667
10,AS,TB2410025,B,.,300,Unstratified,211,27.77616667,-82.5685
10,AS,TB2410026,B,.,300,Unstratified,279,27.71466667,-82.61816667
10,AS,TB2410027,B,.,300,Unstratified,280,27.70433333,-82.61616667
10,AM,TB2410028,C,.,20,Shoreline,107,27.89566667,-82.44216667
10,AM,TB2410029,C,.,20,Shoreline,147,27.83583333,-82.43
10,AM,TB2410030,C,.,20,Shoreline,162,27.8315,-82.48833333
10,AM,TB2410031,C,.,20,Shoreline,253,27.73383333,-82.47166667
10,AM,TB2410032,C,.,20,Unvegetated,57,27.93983333,-82.4475
10,AM,TB2410033,C,.,20,Unvegetated,74,27.92616667,-82.476
10,AM,TB2410034,C,.,20,Unvegetated,235,27.76383333,-82.45166667
10,AM,TB2410035,C,.,20,Vegetated,109,27.8865,-82.402
10,AM,TB2410036,C,.,20,Vegetated,285,27.70533333,-82.53116667
10,AM,TB2410037,C,.,160,Unvegetated,269,27.73083333,-82.47016667
10,AM,TB2410038,C,.,160,Vegetated,147,27.83416667,-82.42283333
10,AM,TB2410039,C,.,160,Vegetated,236,27.7645,-82.44316667
10,AM,TB2410040,C,.,160,Vegetated,286,27.70933333,-82.5085
10,AS,TB2410041,C,.,300,Unstratified,73,27.92766667,-82.489
10,AS,TB2410042,C,.,300,Unstratified,75,27.93316667,-82.4565
10,AS,TB2410043,C,.,300,Unstratified,233,27.76333333,-82.48433333
10,AS,TB2410044,C,.,300,Unstratified,265,27.72416667,-82.54666667
10,AM,TB2410045,D,.,20,Shoreline,257,27.73116667,-82.71466667
10,AM,TB2410046,D,.,20,Shoreline,272,27.70183333,-82.74566667
10,AM,TB2410047,D,.,20,Unvegetated,329,27.65216667,-82.69683333
10,AM,TB2410048,D,.,20,Vegetated,295,27.69916667,-82.671
10,AM,TB2410049,D,.,20,Vegetated,339,27.647,-82.7435
10,AM,TB2410050,D,.,160,Unvegetated,312,27.67633333,-82.6825
10,AM,TB2410051,D,.,160,Vegetated,272,27.7105,-82.74616667
10,AM,TB2410052,D,.,160,Vegetated,295,27.6945,-82.67516667
10,AS,TB2410053,D,.,300,Unstratified,240,27.7485,-82.72616667
10,AS,TB2410054,D,.,300,Unstratified,241,27.73766667,-82.71133333
10,AM,TB2410055,E,.,20,Shoreline,383,27.59666667,-82.58783333
10,AM,TB2410056,E,.,20,Shoreline,405,27.56533333,-82.6005
10,AM,TB2410057,E,.,20,Shoreline,406,27.55933333,-82.58983333
10,AM,TB2410058,E,.,20,Unvegetated,373,27.61216667,-82.5555
10,AM,TB2410059,E,.,20,Unvegetated,407,27.55016667,-82.5775
10,AM,TB2410060,E,.,20,Vegetated,304,27.69833333,-82.51783333
10,AM,TB2410061,E,.,20,Vegetated,416,27.54433333,-82.59883333
10,AM,TB2410062,E,.,160,Unvegetated,349,27.6425,-82.5815
10,AM,TB2410063,E,.,160,Vegetated,337,27.66083333,-82.56366667
10,AM,TB2410064,E,.,160,Vegetated,361,27.627,-82.58283333
10,AM,TB2410065,E,.,160,Vegetated,382,27.585,-82.60133333
10,AM,TB2410066,E,.,160,Vegetated,444,27.50833333,-82.62983333
10,AS,TB2410067,E,.,300,Unstratified,377,27.59333333,-82.68633333
10,AS,TB2410068,E,.,300,Unstratified,390,27.58216667,-82.66433333
10,AS,TB2410069,E,.,300,Unstratified,404,27.55833333,-82.61916667
10,AS,TB2410070,K,L,23,BackWater,461,27.85233333,-82.36716667
10,AS,TB2410071,K,L,23,Unvegetated,136,27.85366667,-82.39933333
10,AS,TB2410072,K,L,23,Unvegetated,461,27.85416667,-82.369
10,AS,TB2410073,K,L,23,Vegetated,461,27.85233333,-82.36733333
10,AS,TB2410074,K,L,23,Vegetated,461,27.86333333,-82.38183333
10,AS,TB2410075,K,M,23,BackWater,469,27.8605,-82.36483333
10,AS,TB2410076,K,M,23,Unvegetated,469,27.85516667,-82.35233333
10,AS,TB2410077,K,M,23,Unvegetated,469,27.86083333,-82.36533333
10,AS,TB2410078,K,M,23,Vegetated,469,27.85333333,-82.36583333
10,AS,TB2410079,K,M,23,Vegetated,470,27.859,-82.34583333
10,AS,TB2410080,K,U,23,Unvegetated,484,27.866,-82.318
10,AS,TB2410081,K,U,23,Vegetated,486,27.86833333,-82.32333333
10,AS,TB2410082,K,U,23,Vegetated,487,27.87483333,-82.3125
10,AS,TB2410083,L,L,23,Unvegetated,270,27.718,-82.45416667
10,AS,TB2410084,L,L,23,Unvegetated,289,27.71516667,-82.45333333
10,AS,TB2410085,L,L,23,Vegetated,288,27.71283333,-82.482
10,AS,TB2410086,L,L,23,Vegetated,289,27.71016667,-82.46283333
10,AS,TB2410087,L,L,23,Vegetated,289,27.7125,-82.45516667
10,AS,TB2410088,L,U,23,Unvegetated,307,27.69083333,-82.44783333
10,AS,TB2410089,L,U,23,Unvegetated,325,27.67083333,-82.43216667
10,AS,TB2410090,L,U,23,Vegetated,325,27.67116667,-82.4185
10,AS,TB2410091,L,U,23,Vegetated,466,27.66216667,-82.42516667
10,AS,TB2410092,M,L,23,BackWater,449,27.5015,-82.53816667
10,AS,TB2410093,M,L,23,BackWater,450,27.51533333,-82.529
10,AS,TB2410094,M,L,23,Unvegetated,447,27.51,-82.57283333
10,AS,TB2410095,M,L,23,Vegetated,431,27.52966667,-82.50316667
10,AS,TB2410096,M,L,23,Vegetated,450,27.5075,-82.517
10,AS,TB2410097,M,U,23,Unvegetated,433,27.53,-82.47483333
10,AS,TB2410098,M,U,23,Vegetated,433,27.528,-82.4725
10,AS,TB2410099,M,U,23,Vegetated,434,27.526,-82.453
10,AS,TB2410100,N,L,23,Unvegetated,477,27.48566667,-82.50266667
10,AS,TB2410101,N,L,23,Vegetated,477,27.486,-82.505
10,AS,TB2410102,N,L,23,Vegetated,480,27.48216667,-82.50816667
10,AS,TB2410103,N,U,23,Unvegetated,483,27.44983333,-82.49083333
10,AS,TB2410104,N,U,23,Vegetated,483,27.443,-82.48816667
10,AS,TB2410105,N,U,23,Vegetated,483,27.4465,-82.486
11,AM,TB2411001,A,.,20,Shoreline,18,27.98716667,-82.62916667
11,AM,TB2411002,A,.,20,Shoreline,33,27.96233333,-82.69216667
11,AM,TB2411003,A,.,20,Shoreline,61,27.93066667,-82.711
11,AM,TB2411004,A,.,20,Unvegetated,53,27.94183333,-82.5575
11,AM,TB2411005,A,.,20,Unvegetated,54,27.94,-82.5395
11,AM,TB2411006,A,.,20,Vegetated,9,28.00683333,-82.67783333
11,AM,TB2411007,A,.,20,Vegetated,15,27.99,-82.68183333
11,AM,TB2411008,A,.,160,Unvegetated,25,27.97883333,-82.63583333
11,AM,TB2411009,A,.,160,Vegetated,4,28.0195,-82.698
11,AM,TB2411010,A,.,160,Vegetated,7,28.02616667,-82.64116667
11,AM,TB2411011,A,.,160,Vegetated,96,27.89466667,-82.64816667
11,AM,TB2411012,B,.,20,Shoreline,116,27.87533333,-82.52733333
11,AM,TB2411013,B,.,20,Shoreline,139,27.8385,-82.5965
11,AM,TB2411014,B,.,20,Unvegetated,125,27.85383333,-82.61233333
11,AM,TB2411015,B,.,20,Unvegetated,139,27.83833333,-82.59633333
11,AM,TB2411016,B,.,20,Vegetated,225,27.7585,-82.6175
11,AM,TB2411017,B,.,20,Vegetated,279,27.703,-82.626
11,AM,TB2411018,B,.,160,Unvegetated,175,27.80833333,-82.58533333
11,AM,TB2411019,B,.,160,Vegetated,116,27.879,-82.52516667
11,AM,TB2411020,B,.,160,Vegetated,137,27.8405,-82.61933333
11,AM,TB2411021,B,.,160,Vegetated,154,27.82,-82.62333333
11,AM,TB2411022,C,.,20,Shoreline,120,27.86716667,-82.44566667
11,AM,TB2411023,C,.,20,Shoreline,144,27.84183333,-82.472
11,AM,TB2411024,C,.,20,Shoreline,203,27.79416667,-82.42816667
11,AM,TB2411025,C,.,20,Shoreline,235,27.75833333,-82.46166667
11,AM,TB2411026,C,.,20,Unvegetated,108,27.88483333,-82.43
11,AM,TB2411027,C,.,20,Unvegetated,162,27.831,-82.49916667
11,AM,TB2411028,C,.,20,Unvegetated,289,27.70416667,-82.456
11,AM,TB2411029,C,.,20,Vegetated,181,27.80166667,-82.489
11,AM,TB2411030,C,.,20,Vegetated,252,27.74433333,-82.48816667
11,AM,TB2411031,C,.,160,Unvegetated,56,27.946,-82.46083333
11,AM,TB2411032,C,.,160,Vegetated,58,27.94283333,-82.43266667
11,AM,TB2411033,C,.,160,Vegetated,122,27.88,-82.40916667
11,AM,TB2411034,C,.,160,Vegetated,254,27.73733333,-82.4525
11,AM,TB2411035,D,.,20,Shoreline,258,27.73,-82.68966667
11,AM,TB2411036,D,.,20,Shoreline,277,27.7025,-82.65033333
11,AM,TB2411037,D,.,20,Unvegetated,343,27.649,-82.66783333
11,AM,TB2411038,D,.,20,Vegetated,272,27.70966667,-82.74716667
11,AM,TB2411039,D,.,20,Vegetated,342,27.64716667,-82.69766667
11,AM,TB2411040,D,.,160,Unvegetated,274,27.70133333,-82.70866667
11,AM,TB2411041,D,.,160,Vegetated,342,27.6355,-82.69666667
11,AM,TB2411042,D,.,160,Vegetated,352,27.62566667,-82.73266667
11,AM,TB2411043,E,.,20,Shoreline,381,27.59516667,-82.61983333
11,AM,TB2411044,E,.,20,Shoreline,413,27.53466667,-82.64333333
11,AM,TB2411045,E,.,20,Shoreline,424,27.5175,-82.6245
11,AM,TB2411046,E,.,20,Unvegetated,374,27.60616667,-82.54966667
11,AM,TB2411047,E,.,20,Unvegetated,396,27.57583333,-82.5585
11,AM,TB2411048,E,.,20,Vegetated,384,27.584,-82.57333333
11,AM,TB2411049,E,.,20,Vegetated,416,27.54983333,-82.59016667
11,AM,TB2411050,E,.,160,Unvegetated,415,27.54233333,-82.60866667
11,AM,TB2411051,E,.,160,Vegetated,304,27.6915,-82.52583333
11,AM,TB2411052,E,.,160,Vegetated,349,27.6465,-82.57566667
11,AM,TB2411053,E,.,160,Vegetated,394,27.57833333,-82.5985
11,AM,TB2411054,E,.,160,Vegetated,423,27.531,-82.64416667
11,AS,TB2411055,K,L,23,BackWater,136,27.85566667,-82.38766667
11,AS,TB2411056,K,L,23,Unvegetated,461,27.85833333,-82.37033333
11,AS,TB2411057,K,L,23,Unvegetated,461,27.86133333,-82.38033333
11,AS,TB2411058,K,L,23,Vegetated,461,27.8555,-82.373
11,AS,TB2411059,K,L,23,Vegetated,461,27.86033333,-82.36916667
11,AS,TB2411060,K,L,300,Unstratified,136,27.85366667,-82.39133333
11,AS,TB2411061,K,M,23,BackWater,469,27.85716667,-82.35333333
11,AS,TB2411062,K,M,23,Unvegetated,469,27.855,-82.358
11,AS,TB2411063,K,M,23,Unvegetated,470,27.85716667,-82.34983333
11,AS,TB2411064,K,M,23,Vegetated,469,27.85366667,-82.361
11,AS,TB2411065,K,M,23,Vegetated,469,27.85666667,-82.361
11,AS,TB2411066,K,M,300,Unstratified,470,27.858,-82.34633333
11,AS,TB2411067,K,U,23,Unvegetated,487,27.86666667,-82.31416667
11,AS,TB2411068,K,U,23,Vegetated,486,27.86666667,-82.31766667
11,AS,TB2411069,K,U,23,Vegetated,486,27.86666667,-82.32766667
11,AS,TB2411070,L,L,23,Unvegetated,269,27.71916667,-82.476
11,AS,TB2411071,L,L,23,Unvegetated,271,27.71933333,-82.43466667
11,AS,TB2411072,L,L,23,Vegetated,270,27.71783333,-82.4605
11,AS,TB2411073,L,L,23,Vegetated,271,27.7175,-82.44133333
11,AS,TB2411074,L,L,23,Vegetated,288,27.71083333,-82.477
11,AS,TB2411075,L,L,300,Unstratified,289,27.70283333,-82.45133333
11,AS,TB2411076,L,L,300,Unstratified,289,27.7055,-82.4615
11,AS,TB2411077,L,L,300,Unstratified,289,27.70733333,-82.46516667
11,AS,TB2411078,L,U,23,Unvegetated,307,27.69,-82.44733333
11,AS,TB2411079,L,U,23,Unvegetated,465,27.66633333,-82.438
11,AS,TB2411080,L,U,23,Vegetated,324,27.671,-82.439
11,AS,TB2411081,L,U,23,Vegetated,325,27.6775,-82.43016667
11,AS,TB2411082,L,U,300,Unstratified,324,27.66733333,-82.43916667
11,AS,TB2411083,L,U,300,Unstratified,325,27.67266667,-82.42133333
11,AS,TB2411084,L,U,300,Unstratified,462,27.68583333,-82.43283333
11,AS,TB2411085,M,L,23,BackWater,450,27.503,-82.5195
11,AS,TB2411086,M,L,23,BackWater,451,27.51,-82.50683333
11,AS,TB2411087,M,L,23,Unvegetated,447,27.51466667,-82.56883333
11,AS,TB2411088,M,L,23,Vegetated,430,27.5175,-82.51983333
11,AS,TB2411089,M,L,23,Vegetated,430,27.51916667,-82.52183333
11,AS,TB2411090,M,L,300,Unstratified,449,27.5095,-82.5345
11,AS,TB2411091,M,L,300,Unstratified,450,27.50066667,-82.52316667
11,AS,TB2411092,M,U,23,Unvegetated,434,27.52516667,-82.46066667
11,AS,TB2411093,M,U,23,Vegetated,433,27.51883333,-82.47733333
11,AS,TB2411094,M,U,23,Vegetated,433,27.52,-82.4715
11,AS,TB2411095,M,U,300,Unstratified,432,27.52466667,-82.493
11,AS,TB2411096,M,U,300,Unstratified,432,27.5285,-82.4995
11,AS,TB2411097,N,L,23,Unvegetated,476,27.49433333,-82.526
11,AS,TB2411098,N,L,23,Vegetated,476,27.48366667,-82.5195
11,AS,TB2411099,N,L,23,Vegetated,476,27.49716667,-82.5175
11,AS,TB2411100,N,L,300,Unstratified,476,27.49066667,-82.522
11,AS,TB2411101,N,U,23,Unvegetated,483,27.44983333,-82.4875
11,AS,TB2411102,N,U,23,Vegetated,482,27.45233333,-82.48866667
11,AS,TB2411103,N,U,23,Vegetated,482,27.462,-82.49483333
11,AS,TB2411104,N,U,300,Unstratified,481,27.46883333,-82.49366667
12,AM,TB2412001,A,.,20,Shoreline,30,27.98316667,-82.5535
12,AM,TB2412002,A,.,20,Shoreline,32,27.96483333,-82.7055
12,AM,TB2412003,A,.,20,Shoreline,42,27.96066667,-82.54983333
12,AM,TB2412004,A,.,20,Unvegetated,19,27.99616667,-82.6005
12,AM,TB2412005,A,.,20,Unvegetated,55,27.93783333,-82.52616667
12,AM,TB2412006,A,.,20,Vegetated,54,27.941,-82.5385
12,AM,TB2412007,A,.,20,Vegetated,81,27.9155,-82.6525
12,AM,TB2412008,A,.,160,Unvegetated,102,27.88766667,-82.53333333
12,AM,TB2412009,A,.,160,Vegetated,4,28.0245,-82.69833333
12,AM,TB2412010,A,.,160,Vegetated,7,28.0285,-82.64883333
12,AM,TB2412011,A,.,160,Vegetated,79,27.90183333,-82.68366667
12,AM,TB2412012,B,.,20,Shoreline,139,27.83983333,-82.591
12,AM,TB2412013,B,.,20,Shoreline,156,27.821,-82.5985
12,AM,TB2412014,B,.,20,Unvegetated,191,27.79716667,-82.6245
12,AM,TB2412015,B,.,20,Unvegetated,279,27.70133333,-82.63
12,AM,TB2412016,B,.,20,Vegetated,192,27.79266667,-82.606
12,AM,TB2412017,B,.,20,Vegetated,278,27.70633333,-82.64566667
12,AM,TB2412018,B,.,160,Unvegetated,112,27.883,-82.58933333
12,AM,TB2412019,B,.,160,Vegetated,116,27.8675,-82.531
12,AM,TB2412020,B,.,160,Vegetated,141,27.841,-82.5665
12,AM,TB2412021,B,.,160,Vegetated,142,27.8395,-82.542
12,AM,TB2412022,C,.,20,Shoreline,95,27.91616667,-82.40516667
12,AM,TB2412023,C,.,20,Shoreline,165,27.82166667,-82.43733333
12,AM,TB2412024,C,.,20,Shoreline,186,27.8105,-82.41166667
12,AM,TB2412025,C,.,20,Shoreline,235,27.75766667,-82.454
12,AM,TB2412026,C,.,20,Unvegetated,73,27.92216667,-82.49466667
12,AM,TB2412027,C,.,20,Unvegetated,130,27.86133333,-82.49033333
12,AM,TB2412028,C,.,20,Unvegetated,252,27.7475,-82.49333333
12,AM,TB2412029,C,.,20,Vegetated,135,27.85616667,-82.40983333
12,AM,TB2412030,C,.,20,Vegetated,285,27.71033333,-82.51716667
12,AM,TB2412031,C,.,160,Unvegetated,134,27.856,-82.42883333
12,AM,TB2412032,C,.,160,Vegetated,78,27.92383333,-82.40116667
12,AM,TB2412033,C,.,160,Vegetated,168,27.83016667,-82.38433333
12,AM,TB2412034,C,.,160,Vegetated,204,27.79433333,-82.40916667
12,AM,TB2412035,D,.,20,Shoreline,343,27.6435,-82.6765
12,AM,TB2412036,D,.,20,Shoreline,353,27.62983333,-82.70266667
12,AM,TB2412037,D,.,20,Unvegetated,341,27.64083333,-82.7005
12,AM,TB2412038,D,.,20,Vegetated,311,27.67883333,-82.69233333
12,AM,TB2412039,D,.,20,Vegetated,326,27.65033333,-82.739
12,AM,TB2412040,D,.,160,Unvegetated,293,27.699,-82.7165
12,AM,TB2412041,D,.,160,Vegetated,277,27.71183333,-82.65583333
12,AM,TB2412042,D,.,160,Vegetated,295,27.6955,-82.67833333
12,AM,TB2412043,E,.,20,Shoreline,320,27.68033333,-82.5365
12,AM,TB2412044,E,.,20,Shoreline,373,27.6105,-82.55
12,AM,TB2412045,E,.,20,Shoreline,395,27.58216667,-82.56883333
12,AM,TB2412046,E,.,20,Unvegetated,373,27.61116667,-82.55083333
12,AM,TB2412047,E,.,20,Unvegetated,384,27.59616667,-82.57066667
12,AM,TB2412048,E,.,20,Vegetated,349,27.63966667,-82.56816667
12,AM,TB2412049,E,.,20,Vegetated,403,27.55366667,-82.647
12,AM,TB2412050,E,.,160,Unvegetated,338,27.65033333,-82.53716667
12,AM,TB2412051,E,.,160,Vegetated,323,27.682,-82.494
12,AM,TB2412052,E,.,160,Vegetated,404,27.56483333,-82.6175
12,AM,TB2412053,E,.,160,Vegetated,414,27.54616667,-82.623
12,AM,TB2412054,E,.,160,Vegetated,441,27.50116667,-82.672
12,AS,TB2412055,K,L,23,BackWater,461,27.85383333,-82.37616667
12,AS,TB2412056,K,L,23,Unvegetated,461,27.8565,-82.3715
12,AS,TB2412057,K,L,23,Unvegetated,461,27.855,-82.381
12,AS,TB2412058,K,L,23,Vegetated,136,27.8535,-82.3915
12,AS,TB2412059,K,L,23,Vegetated,461,27.86316667,-82.38183333
12,AS,TB2412060,K,M,23,BackWater,469,27.8585,-82.35616667
12,AS,TB2412061,K,M,23,Unvegetated,469,27.85533333,-82.3645
12,AS,TB2412062,K,M,23,Unvegetated,470,27.86483333,-82.33366667
12,AS,TB2412063,K,M,23,Vegetated,470,27.86133333,-82.34483333
12,AS,TB2412064,K,M,23,Vegetated,470,27.86483333,-82.33816667
12,AS,TB2412065,K,U,23,Unvegetated,487,27.87566667,-82.31033333
12,AS,TB2412066,K,U,23,Vegetated,486,27.867,-82.321
12,AS,TB2412067,K,U,23,Vegetated,486,27.8685,-82.32933333
12,AS,TB2412068,L,L,23,Unvegetated,290,27.70616667,-82.449
12,AS,TB2412069,L,L,23,Unvegetated,290,27.7165,-82.435
12,AS,TB2412070,L,L,23,Vegetated,288,27.71583333,-82.4765
12,AS,TB2412071,L,L,23,Vegetated,289,27.70433333,-82.45266667
12,AS,TB2412072,L,L,23,Vegetated,289,27.705,-82.459
12,AS,TB2412073,L,U,23,Unvegetated,324,27.672,-82.43733333
12,AS,TB2412074,L,U,23,Unvegetated,325,27.66766667,-82.41966667
12,AS,TB2412075,L,U,23,Vegetated,325,27.66916667,-82.42966667
12,AS,TB2412076,L,U,23,Vegetated,325,27.67066667,-82.4275
12,AS,TB2412077,M,L,23,BackWater,448,27.514,-82.5515
12,AS,TB2412078,M,L,23,BackWater,476,27.49816667,-82.52916667
12,AS,TB2412079,M,L,23,Unvegetated,449,27.5135,-82.53466667
12,AS,TB2412080,M,L,23,Vegetated,449,27.51016667,-82.54333333
12,AS,TB2412081,M,L,23,Vegetated,476,27.49966667,-82.52133333
12,AS,TB2412082,M,U,23,Unvegetated,432,27.53316667,-82.4895
12,AS,TB2412083,M,U,23,Vegetated,433,27.525,-82.4725
12,AS,TB2412084,M,U,23,Vegetated,434,27.525,-82.45816667
12,AS,TB2412085,N,L,23,Unvegetated,478,27.48583333,-82.49833333
12,AS,TB2412086,N,L,23,Vegetated,476,27.48766667,-82.5195
12,AS,TB2412087,N,L,23,Vegetated,477,27.48383333,-82.50233333
12,AS,TB2412088,N,U,23,Unvegetated,482,27.45433333,-82.49416667
12,AS,TB2412089,N,U,23,Vegetated,481,27.471,-82.49183333
12,AS,TB2412090,N,U,23,Vegetated,482,27.45383333,-82.49166667
